zip_code,stab,complaint_volume,total_population,median_age,total_housing_units,avg_pct_broadband_25_3,avg_pct_broadband_100_20
73949,TX,0.0,1472,39.3,1472,0.0,0.0
73960,TX,0.0,4,,4,0.40709999999999996,0.40709999999999996
75001,TX,18.0,16808,35.3,16808,2.934,2.934
75002,TX,47.0,73295,39.8,73295,9.6508,9.6508
75006,TX,31.0,47648,36.4,47648,1.0749,1.0749
75007,TX,33.0,55050,40.1,55050,1.1852,1.1852
75009,TX,28.0,30257,37.6,30257,5.932,5.932
75010,TX,28.0,31687,38.3,31687,1.0223,1.0223
75013,TX,34.0,48557,38.9,48557,1.3866,1.3866
75019,TX,49.0,44707,39.6,44707,3.006,3.006
75020,TX,15.0,24185,40.9,24185,3.4232,3.4232
75021,TX,5.0,9307,40.9,9307,0.5768,0.5768
75022,TX,18.0,26691,43.2,26691,1.912,1.912
75023,TX,40.0,48878,39.2,48878,0.6552,0.6552
75024,TX,27.0,45051,37.6,45051,0.6372,0.6372
75025,TX,25.0,53352,40.7,53352,0.7448,0.7448
75028,TX,32.0,48636,43.2,48636,2.5755999999999997,2.5755999999999997
75032,TX,37.0,37895,40.2,37895,9.2204,9.2204
75033,TX,15.0,50292,36.7,50292,1.0375999999999999,1.0375999999999999
75034,TX,42.0,51059,36.1,51059,0.9524,0.9524
75035,TX,47.0,86135,38.1,86135,1.6476,1.6476
75036,TX,19.0,32726,41.4,32726,3.6048,3.6048
75038,TX,22.0,33097,32.7,33097,0.5132,0.5132
75039,TX,24.0,22450,32.4,22450,0.3828,0.3828
75040,TX,37.0,64205,36.1,64205,1.0412,1.0412
75041,TX,5.0,31981,30.8,31981,0.524,0.524
75042,TX,11.0,38040,34.2,38040,0.6364,0.6364
75043,TX,32.0,63733,35.0,63733,1.0384,1.0384
75044,TX,25.0,46847,35.9,46847,0.7494999999999999,0.7494999999999999
75048,TX,15.0,29600,40.2,29600,4.0158,4.0158
75050,TX,21.0,44402,31.6,44402,0.888,0.888
75051,TX,10.0,40263,31.6,40263,0.7832,0.7832
75052,TX,28.0,95485,34.7,95485,1.9628,1.9628
75054,TX,2.0,17517,36.5,17517,0.3192,0.3192
75056,TX,36.0,67978,36.8,67978,7.0278,7.0278
75057,TX,13.0,16836,31.5,16836,0.5724,0.5724
75058,TX,3.0,3614,36.8,3614,2.9882999999999997,2.9882999999999997
75060,TX,18.0,47170,35.0,47170,0.7556,0.7556
75061,TX,10.0,55839,32.0,55839,0.87,0.87
75062,TX,16.0,52756,31.0,52756,0.7864,0.7864
75063,TX,32.0,45486,34.0,45486,0.726,0.726
75065,TX,13.0,13046,40.0,13046,7.0028,7.0028
75067,TX,38.0,68451,35.1,68451,2.4588,2.4588
75068,TX,108.0,70562,35.6,70562,14.078,14.078
75069,TX,34.0,39332,39.2,39332,8.0304,8.006493511957501
75070,TX,42.0,59859,35.7,59859,1.182,1.182
75071,TX,39.0,69396,37.3,69396,4.166,4.166
75072,TX,28.0,55997,38.6,55997,1.1336,1.1336
75074,TX,26.0,53146,35.0,53146,0.7428,0.7428
75075,TX,24.0,38041,40.0,38041,0.5128,0.5128
75076,TX,4.0,7907,49.6,7907,6.0,6.0
75077,TX,14.0,40883,40.5,40883,10.6096,10.6096
75078,TX,114.0,46857,36.1,46857,4.75,4.75
75080,TX,17.0,52746,31.4,52746,1.3467,1.3467
75081,TX,18.0,36065,35.3,36065,0.9482999999999999,0.9482999999999999
75082,TX,16.0,29458,36.5,29458,0.7047,0.7047
75087,TX,32.0,41786,38.4,41786,7.466,7.466
75088,TX,20.0,27128,39.4,27128,1.7204,1.7204
75089,TX,11.0,35400,36.5,35400,2.194,2.194
75090,TX,11.0,26273,34.1,26273,1.8648,1.8648
75092,TX,16.0,27372,41.9,27372,7.2825,7.2825
75093,TX,33.0,46491,43.6,46491,0.6874,0.6874
75094,TX,17.0,23669,40.2,23669,3.3529999999999998,3.3529999999999998
75098,TX,40.0,67513,34.9,67513,10.647,10.647
75101,TX,0.0,786,30.3,786,3.0,3.0
75102,TX,3.0,1722,39.8,1722,3.0,3.0
75103,TX,18.0,16222,43.4,16222,3.0,3.0
75104,TX,29.0,49425,35.0,49425,4.0192,4.0192
75105,TX,0.0,132,24.9,132,0.0,0.0
75109,TX,1.0,5115,44.8,5115,11.1787,11.1787
75110,TX,19.0,31003,34.2,31003,14.8213,14.8213
75114,TX,12.0,7664,33.4,7664,3.0,3.0
75115,TX,28.0,55997,42.0,55997,4.0013000000000005,4.0013000000000005
75116,TX,4.0,19780,35.6,19780,1.5221999999999998,1.5221999999999998
75117,TX,1.0,5005,34.6,5005,3.0,3.0
75119,TX,9.0,30809,35.7,30809,13.678,13.678
75124,TX,13.0,5799,43.0,5799,3.7384,3.7384
75125,TX,2.0,7154,38.7,7154,4.0096,4.0096
75126,TX,62.0,77116,31.8,77116,12.596,12.596
75127,TX,1.0,1753,53.0,1753,3.0,3.0
75132,TX,0.0,0,,0,0.03,0.03
75134,TX,9.0,18305,36.5,18305,1.954,1.9533369291515
75135,TX,8.0,10265,35.5,10265,3.0351,3.0351
75137,TX,6.0,19998,40.2,19998,1.4758,1.4758
75140,TX,6.0,8596,41.6,8596,3.0,3.0
75141,TX,2.0,4686,26.6,4686,3.6496,3.6496
75142,TX,29.0,23301,35.6,23301,11.5018,11.5018
75143,TX,36.0,14676,41.4,14676,11.236,11.236
75144,TX,3.0,3798,40.6,3798,7.3635,7.3635
75146,TX,7.0,25804,33.7,25804,5.1012,5.100506388529
75147,TX,25.0,8403,36.8,8403,3.424,3.424
75148,TX,12.0,5944,51.1,5944,12.0,12.0
75149,TX,13.0,58849,34.1,58849,1.6572,1.6572
75150,TX,17.0,63023,33.5,63023,1.722,1.722
75152,TX,3.0,5563,37.3,5563,3.3192,3.3192
75153,TX,0.0,530,37.7,530,1.6364999999999998,1.6364999999999998
75154,TX,10.0,50178,37.1,50178,16.626,16.626
75155,TX,2.0,3034,34.0,3034,3.0,3.0
75156,TX,60.0,15742,49.2,15742,10.6012,10.6012
75157,TX,0.0,161,52.4,161,2.5713,2.5713
75158,TX,4.0,6168,37.5,6168,9.4287,9.4287
75159,TX,18.0,22993,36.6,22993,6.994400000000001,6.994400000000001
75160,TX,30.0,26145,35.9,26145,5.8662,5.8662
75161,TX,3.0,6910,49.3,6910,4.4445,4.4445
75163,TX,10.0,2569,57.8,2569,3.0,3.0
75164,TX,0.0,669,41.6,669,0.41190000000000004,0.41190000000000004
75165,TX,27.0,51203,34.4,51203,6.0952,6.0952
75166,TX,8.0,6679,35.0,6679,4.0,4.0
75167,TX,9.0,13231,37.6,13231,0.31729999999999997,0.31729999999999997
75169,TX,8.0,15744,42.7,15744,6.0,6.0
75172,TX,4.0,5873,34.2,5873,3.9644000000000004,3.9644000000000004
75173,TX,4.0,9284,36.4,9284,5.4298,5.4298
75180,TX,7.0,27006,33.7,27006,2.9105999999999996,2.9105999999999996
75181,TX,13.0,28018,31.6,28018,0.7512000000000001,0.7512000000000001
75182,TX,3.0,8069,42.5,8069,3.9472,3.9472
75189,TX,60.0,44348,34.0,44348,8.6501,8.6501
75201,TX,39.0,18078,31.4,18078,0.0544,0.0544
75202,TX,3.0,2744,35.9,2744,0.0076,0.0076
75203,TX,10.0,15710,33.6,15710,0.0452,0.0452
75204,TX,27.0,33552,31.0,33552,0.1044,0.1044
75205,TX,16.0,25537,32.8,25537,4.2043,4.2043
75206,TX,39.0,38795,30.7,38795,0.124,0.124
75207,TX,4.0,7850,32.1,7850,0.022,0.022
75208,TX,44.0,29310,37.0,29310,0.0904,0.0904
75209,TX,8.0,14359,39.4,14359,0.2972,0.2972
75210,TX,4.0,7458,32.1,7458,0.0268,0.0268
75211,TX,18.0,72389,31.8,72389,3.2052,3.2052
75212,TX,15.0,28010,32.5,28010,0.084,0.084
75214,TX,20.0,35006,38.5,35006,0.1092,0.1092
75215,TX,14.0,18840,37.7,18840,0.0576,0.0576
75216,TX,9.0,54556,33.7,54556,0.1708,0.1708
75217,TX,13.0,84578,28.1,84578,0.2617,0.2617
75218,TX,12.0,22028,40.5,22028,0.0708,0.0708
75219,TX,24.0,25001,33.6,25001,0.3059,0.3059
75220,TX,16.0,39809,31.1,39809,0.1216,0.1216
75223,TX,2.0,11875,37.5,11875,0.0428,0.0428
75224,TX,12.0,35452,34.3,35452,0.1036,0.1036
75225,TX,4.0,22383,47.9,22383,1.3683,1.3683
75226,TX,1.0,5010,32.8,5010,0.014,0.014
75227,TX,11.0,57087,31.4,57087,0.1812,0.1812
75228,TX,23.0,69288,31.3,69288,0.21120000000000003,0.21120000000000003
75229,TX,17.0,33924,37.3,33924,0.19640000000000002,0.19640000000000002
75230,TX,15.0,26695,48.3,26695,0.0852,0.0852
75231,TX,20.0,37695,32.0,37695,0.1248,0.1248
75232,TX,27.0,32967,41.1,32967,0.092,0.092
75233,TX,7.0,15775,30.4,15775,0.0464,0.0464
75234,TX,31.0,32998,33.4,32998,2.4442,2.4442
75235,TX,21.0,19067,31.1,19067,0.0588,0.0588
75236,TX,6.0,19522,29.0,19522,0.0564,0.0564
75237,TX,12.0,18744,30.6,18744,0.0584,0.0584
75238,TX,11.0,33439,35.3,33439,0.1004,0.1004
75240,TX,16.0,24718,30.8,24718,0.0792,0.0792
75241,TX,10.0,33598,33.9,33598,0.4276,0.4275993213195
75243,TX,40.0,63907,33.7,63907,0.1908,0.1908
75244,TX,14.0,13105,37.2,13105,0.42979999999999996,0.42979999999999996
75246,TX,0.0,2487,40.1,2487,0.0076,0.0076
75247,TX,12.0,833,59.1,833,0.0024,0.0024
75248,TX,31.0,37644,40.0,37644,0.1172,0.1172
75249,TX,5.0,17043,32.9,17043,0.0468,0.0468
75251,TX,4.0,3529,31.6,3529,0.0116,0.0116
75252,TX,36.0,28500,38.6,28500,0.0844,0.0844
75253,TX,19.0,23822,27.7,23822,0.0853,0.0853
75254,TX,17.0,24737,32.5,24737,0.2024,0.2024
75261,TX,0.0,0,,0,0.0,0.0
75287,TX,37.0,52727,33.9,52727,0.1632,0.1632
75401,TX,2.0,21904,35.4,21904,5.1792,5.1792
75402,TX,19.0,19848,36.5,19848,1.8268,1.8268
75407,TX,70.0,28931,34.4,28931,4.5176,4.5140561630425
75409,TX,39.0,24381,32.6,24381,7.0,7.0
75410,TX,3.0,3920,57.1,3920,3.0,3.0
75411,TX,0.0,898,41.7,898,0.0,0.0
75412,TX,4.0,459,41.0,459,0.0,0.0
75413,TX,0.0,138,49.8,138,2.4408,2.4408
75414,TX,3.0,3417,38.3,3417,3.0,3.0
75415,TX,0.0,323,48.5,323,0.0,0.0
75416,TX,1.0,2987,37.5,2987,3.0,3.0
75417,TX,12.0,2204,45.4,2204,3.0,3.0
75418,TX,3.0,14685,40.9,14685,4.0,4.0
75420,TX,0.0,1390,34.9,1390,0.0,0.0
75421,TX,1.0,984,26.0,984,6.0,6.0
75422,TX,0.0,2913,45.6,2913,3.0,3.0
75423,TX,0.0,3088,40.5,3088,3.0165,3.0165
75424,TX,2.0,3908,41.7,3908,3.0008,3.0008
75426,TX,6.0,4199,55.3,4199,3.0,3.0
75428,TX,13.0,11587,26.6,11587,4.0,4.0
75429,TX,1.0,0,,0,0.0,0.0
75431,TX,1.0,1924,44.0,1924,3.0,3.0
75432,TX,3.0,3299,39.0,3299,3.0,3.0
75433,TX,0.0,3133,46.3,3133,3.0,3.0
75434,TX,0.0,0,,0,0.0,0.0
75435,TX,0.0,1056,56.0,1056,3.0,3.0
75436,TX,0.0,2387,39.4,2387,3.0,3.0
75437,TX,3.0,1124,36.5,1124,0.0,0.0
75438,TX,0.0,1279,42.2,1279,3.0,3.0
75439,TX,0.0,1016,39.9,1016,3.0,3.0
75440,TX,2.0,7480,47.0,7480,3.0,3.0
75441,TX,0.0,87,72.4,87,0.0,0.0
75442,TX,13.0,10567,39.2,10567,3.0,3.0
75446,TX,1.0,3653,40.8,3653,3.0,3.0
75447,TX,0.0,1041,41.6,1041,0.0,0.0
75448,TX,0.0,683,34.9,683,0.0,0.0
75449,TX,0.0,1000,40.3,1000,3.0675,3.0675
75450,TX,1.0,409,56.2,409,0.0,0.0
75451,TX,3.0,1496,43.9,1496,0.0,0.0
75452,TX,2.0,4949,37.5,4949,3.0381,3.0381
75453,TX,1.0,2832,43.5,2832,3.0290999999999997,3.0290999999999997
75454,TX,135.0,20137,36.1,20137,4.0232,4.0232
75455,TX,15.0,26863,34.0,26863,4.0924,4.0924
75457,TX,4.0,6115,36.9,6115,3.0,3.0
75459,TX,2.0,6620,28.5,6620,5.9785,5.9785
75460,TX,15.0,23717,35.6,23717,3.4308,3.4308
75462,TX,5.0,11651,42.6,11651,7.5692,7.5692
75468,TX,0.0,1133,41.6,1133,0.0,0.0
75469,TX,0.0,438,54.5,438,2.9325,2.9325
75470,TX,0.0,158,54.5,158,3.0,3.0
75471,TX,0.0,1483,38.6,1483,0.0,0.0
75472,TX,5.0,4290,43.9,4290,5.9709,5.9709
75473,TX,0.0,3645,49.8,3645,3.0,3.0
75474,TX,20.0,16813,44.2,16813,9.4215,9.4215
75475,TX,1.0,183,26.5,183,0.0,0.0
75476,TX,0.0,1203,51.3,1203,3.0,3.0
75477,TX,1.0,868,40.4,868,3.0,3.0
75478,TX,0.0,855,40.8,855,0.0,0.0
75479,TX,1.0,2090,40.3,2090,3.0,3.0
75480,TX,4.0,1787,57.6,1787,0.0,0.0
75481,TX,0.0,417,39.4,417,0.0,0.0
75482,TX,14.0,26086,39.6,26086,7.0,7.0
75486,TX,0.0,2821,47.1,2821,0.0,0.0
75487,TX,1.0,1110,48.5,1110,3.0,3.0
75488,TX,0.0,1080,31.0,1080,0.0,0.0
75489,TX,2.0,716,50.0,716,2.9904,2.9904
75490,TX,1.0,3024,40.5,3024,3.0,3.0
75491,TX,1.0,5428,43.3,5428,3.0096,3.0096
75492,TX,0.0,348,45.7,348,3.0,3.0
75493,TX,0.0,777,21.6,777,5.9075999999999995,5.9075999999999995
75494,TX,2.0,11685,43.3,11685,3.0,3.0
75495,TX,5.0,10451,38.5,10451,4.0,4.0
75496,TX,5.0,3066,43.3,3066,3.5046,3.5046
75497,TX,1.0,3794,59.9,3794,3.0,3.0
75501,TX,63.0,34656,38.4,34656,6.6363,6.6363
75503,TX,12.0,27207,38.3,27207,6.6429,6.6429
75550,TX,1.0,506,49.0,506,3.0,3.0
75551,TX,8.0,10768,42.6,10768,4.0,4.0
75554,TX,1.0,2282,43.8,2282,3.0,3.0
75555,TX,0.0,1508,48.3,1508,5.0931,5.0931
75556,TX,0.0,1110,42.8,1110,3.0,3.0
75558,TX,1.0,2160,48.8,2160,0.0,0.0
75559,TX,8.0,5276,46.3,5276,3.0,3.0
75560,TX,2.0,1007,38.1,1007,3.0,3.0
75561,TX,0.0,4954,39.1,4954,5.4803999999999995,5.4803999999999995
75562,TX,0.0,15,53.8,15,0.0,0.0
75563,TX,6.0,3967,51.0,3967,3.0,3.0
75564,TX,0.0,24,,24,0.0,0.0
75565,TX,0.0,250,14.6,250,0.9069,0.9069
75566,TX,1.0,953,29.9,953,3.0,3.0
75567,TX,3.0,3762,45.2,3762,4.9977,4.9977
75568,TX,6.0,2271,45.9,2271,3.0,3.0
75569,TX,1.0,3601,31.8,3601,3.5008,3.5008
75570,TX,11.0,11047,38.5,11047,4.0,4.0
75571,TX,6.0,2345,49.9,2345,3.0,3.0
75572,TX,1.0,2942,44.4,2942,7.0,7.0
75573,TX,0.0,246,31.4,246,0.7422,0.7422
75574,TX,2.0,1286,49.7,1286,0.0,0.0
75601,TX,4.0,15653,38.3,15653,0.7748,0.7748
75602,TX,6.0,20394,32.2,20394,0.7924,0.7924
75603,TX,13.0,6458,41.3,6458,8.1126,8.1126
75604,TX,12.0,31714,33.9,31714,3.0948,3.0948
75605,TX,12.0,34584,39.3,34584,1.0428,1.0428
75630,TX,2.0,2693,51.3,2693,3.0,3.0
75631,TX,4.0,2644,40.1,2644,3.0,3.0
75633,TX,7.0,12999,40.6,12999,4.0,4.0
75638,TX,7.0,5363,41.3,5363,3.0,3.0
75639,TX,0.0,2698,40.4,2698,0.0,0.0
75640,TX,7.0,6338,35.1,6338,0.0,0.0
75641,TX,0.0,77,45.4,77,0.8358000000000001,0.8358000000000001
75642,TX,0.0,50,,50,0.0,0.0
75643,TX,10.0,2072,40.5,2072,3.0,3.0
75644,TX,9.0,12785,40.5,12785,3.4616,3.4616
75645,TX,8.0,10511,44.8,10511,2.9543999999999997,2.9543999999999997
75647,TX,32.0,13457,37.6,13457,16.9384,16.9384
75650,TX,12.0,10233,37.4,10233,4.0,4.0
75651,TX,1.0,2231,42.8,2231,0.0,0.0
75652,TX,4.0,14782,39.4,14782,3.7127999999999997,3.7127999999999997
75654,TX,10.0,12184,40.7,12184,1.6,1.6
75656,TX,1.0,4657,36.5,4657,3.0,3.0
75657,TX,4.0,6842,49.4,6842,6.0,6.0
75658,TX,1.0,24,66.9,24,0.0,0.0
75659,TX,0.0,47,,47,0.0,0.0
75661,TX,3.0,2692,50.2,2692,3.0,3.0
75662,TX,20.0,24570,36.3,24570,5.5524000000000004,5.5524000000000004
75667,TX,0.0,1310,49.4,1310,0.0,0.0
75668,TX,1.0,2409,41.1,2409,3.0,3.0
75669,TX,0.0,1044,38.5,1044,0.0,0.0
75670,TX,13.0,18549,31.1,18549,5.2344,5.2344
75672,TX,8.0,16636,40.9,16636,4.7656,4.7656
75680,TX,0.0,0,,0,0.0,0.0
75681,TX,0.0,2475,47.2,2475,3.0,3.0
75682,TX,0.0,713,57.4,713,1.7004,1.7004
75683,TX,3.0,3713,41.9,3713,3.0,3.0
75684,TX,6.0,7655,33.2,7655,4.2918,4.2918
75686,TX,17.0,13427,37.8,13427,6.0,6.0
75687,TX,0.0,0,,0,0.0,0.0
75689,TX,0.0,71,58.3,71,0.0,0.0
75691,TX,7.0,4673,38.5,4673,3.7396000000000003,3.7396000000000003
75692,TX,1.0,5255,48.1,5255,3.0,3.0
75693,TX,7.0,5915,35.4,5915,5.3876,5.3876
75701,TX,42.0,35804,34.9,35804,1.3016,1.3016
75702,TX,20.0,28095,31.9,28095,1.004,1.004
75703,TX,83.0,44912,37.8,44912,3.5557,3.5557
75704,TX,5.0,9280,42.4,9280,0.0296,0.0296
75705,TX,1.0,1471,41.8,1471,0.0,0.0
75706,TX,10.0,10975,33.9,10975,0.0316,0.0316
75707,TX,34.0,16355,43.0,16355,3.2592,3.2592
75708,TX,1.0,10001,30.9,10001,0.0032,0.0032
75709,TX,8.0,5237,41.2,5237,0.0616,0.0616
75711,TX,0.0,159,19.5,159,0.0052,0.0052
75750,TX,4.0,3246,45.8,3246,3.0078,3.0078
75751,TX,20.0,18377,36.5,18377,3.8868,3.8868
75752,TX,11.0,7391,44.8,7391,0.1132,0.1132
75754,TX,8.0,7297,47.3,7297,4.905,4.905
75755,TX,3.0,4863,38.8,4863,3.0,3.0
75756,TX,9.0,4569,41.0,4569,4.1061,4.1061
75757,TX,44.0,13977,39.8,13977,9.0777,9.0777
75758,TX,8.0,10357,47.3,10357,6.0,6.0
75759,TX,1.0,197,64.6,197,2.9223,2.9223
75760,TX,9.0,2114,46.7,2114,3.0,3.0
75762,TX,39.0,14897,38.9,14897,0.7707,0.7707
75763,TX,6.0,6319,44.6,6319,9.2511,9.2511
75764,TX,0.0,170,27.9,170,1.6635,1.6635
75765,TX,16.0,8195,51.5,8195,6.0,6.0
75766,TX,32.0,25988,34.9,25988,5.6353,5.6353
75770,TX,7.0,2736,51.9,2736,5.1219,5.1219
75771,TX,21.0,21146,42.9,21146,6.9744,6.9744
75773,TX,22.0,14311,42.2,14311,4.0,4.0
75778,TX,10.0,2987,36.7,2987,5.9889,5.9889
75779,TX,0.0,51,48.7,51,0.8346,0.8346
75780,TX,0.0,391,27.3,391,1.6263,1.6263
75782,TX,1.0,98,64.0,98,0.6273,0.6273
75783,TX,7.0,8011,49.8,8011,3.0,3.0
75784,TX,2.0,539,45.4,539,3.0,3.0
75785,TX,14.0,10769,41.0,10769,4.0748999999999995,4.0748999999999995
75788,TX,0.0,52,,52,0.0,0.0
75789,TX,13.0,8332,39.5,8332,3.0,3.0
75790,TX,0.0,3790,38.1,3790,3.0,3.0
75791,TX,32.0,15320,35.3,15320,4.0032,4.0032
75792,TX,3.0,3934,38.1,3934,3.0,3.0
75801,TX,25.0,16891,35.2,16891,2.3916,2.3916
75803,TX,32.0,21390,41.2,21390,3.7738,3.7738
75831,TX,9.0,4769,41.8,4769,3.0,3.0
75833,TX,4.0,3143,45.7,3143,3.0,3.0
75835,TX,11.0,11805,45.8,11805,5.7715,5.7715
75838,TX,1.0,283,65.1,283,0.0,0.0
75839,TX,7.0,6577,39.3,6577,3.0,3.0
75840,TX,6.0,6993,40.3,6993,3.0,3.0
75844,TX,8.0,5004,45.9,5004,3.0,3.0
75845,TX,1.0,2287,45.9,2287,3.0,3.0
75846,TX,0.0,2561,41.2,2561,3.0,3.0
75847,TX,1.0,1441,43.5,1441,3.0,3.0
75848,TX,0.0,88,42.8,88,2.3763,2.3763
75849,TX,0.0,76,52.4,76,1.2285,1.2285
75850,TX,2.0,1407,48.8,1407,2.7417000000000002,2.7417000000000002
75851,TX,1.0,4292,42.7,4292,3.0,3.0
75852,TX,1.0,3166,34.4,3166,3.0,3.0
75853,TX,2.0,1008,37.3,1008,0.0,0.0
75855,TX,9.0,2779,56.5,2779,3.0,3.0
75856,TX,0.0,172,22.4,172,0.0,0.0
75858,TX,0.0,84,36.8,84,0.0,0.0
75859,TX,5.0,2468,55.4,2468,3.4455,3.4455
75860,TX,4.0,6451,38.7,6451,3.0,3.0
75861,TX,1.0,1225,39.9,1225,0.0,0.0
75862,TX,15.0,10030,51.8,10030,6.0,6.0
75865,TX,0.0,0,,0,0.0,0.0
75884,TX,0.0,3126,42.5,3126,0.0,0.0
75886,TX,0.0,2722,43.3,2722,0.0,0.0
75901,TX,14.0,28602,35.2,28602,3.4764,3.4764
75903,TX,0.0,107,66.1,107,0.0112,0.0112
75904,TX,52.0,33578,36.5,33578,8.5124,8.5124
75925,TX,3.0,3079,48.4,3079,3.0,3.0
75926,TX,0.0,1373,38.4,1373,0.0,0.0
75928,TX,0.0,936,56.6,936,0.0,0.0
75929,TX,2.0,1440,55.5,1440,2.6738999999999997,2.6738999999999997
75930,TX,1.0,2381,45.3,2381,0.0,0.0
75931,TX,1.0,2209,54.3,2209,6.0,6.0
75932,TX,4.0,1339,51.5,1339,3.0,3.0
75933,TX,1.0,1506,38.8,1506,0.0,0.0
75934,TX,0.0,108,16.4,108,0.0,0.0
75935,TX,4.0,12651,39.8,12651,4.3,4.3
75936,TX,0.0,677,55.3,677,3.0,3.0
75937,TX,2.0,1179,37.5,1179,3.0,3.0
75938,TX,4.0,2456,49.0,2456,3.0,3.0
75939,TX,2.0,4974,42.7,4974,6.0,6.0
75941,TX,3.0,8712,42.1,8712,6.0,6.0
75942,TX,0.0,0,,0,0.0,0.0
75943,TX,3.0,1044,47.2,1044,0.0,0.0
75944,TX,2.0,894,56.9,894,0.0,0.0
75946,TX,4.0,3536,42.7,3536,3.1359,3.1359
75948,TX,5.0,5218,57.7,5218,5.2695,5.2695
75949,TX,6.0,9041,41.8,9041,3.0,3.0
75951,TX,7.0,15267,41.4,15267,4.0,4.0
75954,TX,2.0,2976,44.0,2976,3.0,3.0
75956,TX,3.0,7085,44.7,7085,3.0,3.0
75959,TX,2.0,842,38.9,842,0.7304999999999999,0.7304999999999999
75960,TX,2.0,1041,38.8,1041,0.0,0.0
75961,TX,14.0,14875,32.0,14875,1.0872,1.0872
75962,TX,0.0,3205,19.6,3205,0.3376,0.3376
75964,TX,11.0,21019,34.2,21019,1.3496000000000001,1.3496000000000001
75965,TX,36.0,18350,30.8,18350,8.0901,8.0901
75966,TX,3.0,4773,41.7,4773,3.0,3.0
75968,TX,3.0,1966,39.6,1966,3.0,3.0
75969,TX,6.0,4606,40.7,4606,0.0,0.0
75972,TX,2.0,5896,48.6,5896,3.3261000000000003,3.3261000000000003
75973,TX,0.0,2564,41.4,2564,5.7,5.7
75974,TX,3.0,2744,38.0,2744,3.0,3.0
75975,TX,1.0,3873,36.2,3873,3.0,3.0
75976,TX,2.0,1201,27.6,1201,3.0,3.0
75977,TX,1.0,529,38.8,529,0.0,0.0
75979,TX,12.0,11465,40.4,11465,6.0,6.0
75980,TX,4.0,2309,48.8,2309,3.0,3.0
76001,TX,17.0,38177,35.6,38177,0.346,0.346
76002,TX,15.0,32990,32.7,32990,0.3552,0.3552
76005,TX,4.0,6165,37.1,6165,0.0448,0.0448
76006,TX,17.0,23594,34.0,23594,0.2584,0.2584
76008,TX,7.0,24699,36.8,24699,14.6668,14.6668
76009,TX,8.0,21130,36.3,21130,7.3895,7.3895
76010,TX,11.0,55610,28.4,55610,0.5668,0.5668
76011,TX,18.0,22297,31.7,22297,0.2356,0.2356
76012,TX,13.0,28043,39.9,28043,0.2748,0.2748
76013,TX,6.0,35910,31.5,35910,3.8023000000000002,3.8023000000000002
76014,TX,12.0,32987,32.0,32987,0.3648,0.3648
76015,TX,10.0,18540,32.3,18540,0.4127,0.4127
76016,TX,14.0,31191,42.0,31191,2.5962,2.5962
76017,TX,18.0,47020,37.9,47020,0.5244,0.5244
76018,TX,12.0,26887,33.3,26887,0.282,0.282
76020,TX,30.0,32866,40.2,32866,16.9172,16.9172
76021,TX,19.0,35437,38.1,35437,2.1204,2.1204
76022,TX,10.0,13790,37.5,13790,0.8829,0.8829
76023,TX,10.0,7192,40.0,7192,3.8931999999999998,3.8931999999999998
76028,TX,9.0,78699,37.3,78699,14.0168,14.0168
76031,TX,7.0,18697,37.7,18697,4.5077,4.5077
76033,TX,16.0,28246,37.7,28246,3.0448,3.0448
76034,TX,10.0,25995,46.4,25995,2.988,2.988
76035,TX,5.0,3247,34.2,3247,3.0,3.0
76036,TX,26.0,34145,34.5,34145,4.0252,4.0252
76039,TX,22.0,40664,34.5,40664,1.9659,1.9659
76040,TX,35.0,31172,33.0,31172,1.0866,1.0866
76041,TX,0.0,661,41.0,661,0.0,0.0
76043,TX,8.0,7286,43.4,7286,2.9493,2.9493
76044,TX,7.0,8759,36.6,8759,3.01,3.01
76048,TX,18.0,26301,46.7,26301,11.898299999999999,11.898299999999999
76049,TX,11.0,30911,50.5,30911,8.1017,8.1017
76050,TX,6.0,7178,44.1,7178,3.0,3.0
76051,TX,25.0,50514,39.9,50514,3.9476,3.9476
76052,TX,17.0,31569,33.1,31569,4.0499,4.0499
76053,TX,17.0,31377,36.2,31377,2.1153,2.1153
76054,TX,12.0,11840,42.9,11840,0.8996999999999999,0.8996999999999999
76055,TX,3.0,3719,36.8,3719,3.0,3.0
76058,TX,7.0,21531,36.0,21531,4.0896,4.0896
76059,TX,0.0,5333,32.1,5333,3.026,3.026
76060,TX,7.0,8808,40.8,8808,3.8828,3.8828
76061,TX,0.0,0,,0,0.0,0.0
76063,TX,35.0,81758,36.8,81758,4.9224,4.9224
76064,TX,0.0,2803,41.7,2803,2.8947,2.8947
76065,TX,29.0,44614,36.1,44614,4.0516000000000005,4.0516000000000005
76066,TX,3.0,5615,35.8,5615,3.7251,3.7251
76067,TX,11.0,20906,38.3,20906,3.9964,3.9964
76070,TX,1.0,956,25.7,956,0.0,0.0
76071,TX,0.0,4723,36.0,4723,4.4152000000000005,4.4152000000000005
76073,TX,4.0,7267,41.3,7267,3.0,3.0
76077,TX,0.0,809,26.7,809,0.050699999999999995,0.050699999999999995
76078,TX,13.0,10200,35.6,10200,9.062,9.062
76082,TX,19.0,24338,37.7,24338,6.7321,6.7321
76084,TX,12.0,13645,33.3,13645,3.0568,3.0568
76085,TX,8.0,11083,44.1,11083,0.6343,0.6343
76086,TX,10.0,22900,34.7,22900,2.674,2.674
76087,TX,27.0,33353,41.5,33353,14.4284,14.4284
76088,TX,6.0,15748,44.9,15748,5.3361,5.3361
76092,TX,15.0,31344,42.6,31344,4.0535,4.0535
76093,TX,1.0,4193,38.0,4193,3.0,3.0
76102,TX,7.0,11783,36.8,11783,0.0576,0.0576
76103,TX,9.0,16769,30.6,16769,0.0672,0.0672
76104,TX,23.0,20694,31.8,20694,0.094,0.094
76105,TX,5.0,22550,31.2,22550,0.102,0.102
76106,TX,9.0,36374,30.7,36374,0.2427,0.2427
76107,TX,17.0,31112,37.5,31112,3.1348000000000003,3.1348000000000003
76108,TX,19.0,44762,36.4,44762,4.5674,4.5674
76109,TX,9.0,26000,32.4,26000,0.4792,0.4792
76110,TX,9.0,32089,33.4,32089,0.13,0.13
76111,TX,4.0,20823,35.8,20823,0.2035,0.2035
76112,TX,36.0,44379,32.5,44379,0.1876,0.1876
76114,TX,6.0,26665,33.9,26665,9.004,9.004
76115,TX,4.0,21044,29.5,21044,0.0912,0.0912
76116,TX,20.0,49685,34.7,49685,0.9,0.9
76117,TX,8.0,32086,36.0,32086,2.0929,2.0929
76118,TX,8.0,17486,39.9,17486,2.9882,2.9882
76119,TX,25.0,53062,31.8,53062,1.7481,1.7481
76120,TX,12.0,20031,34.1,20031,0.0836,0.0836
76123,TX,16.0,42777,34.3,42777,0.1652,0.1652
76126,TX,14.0,25920,39.7,25920,2.6456000000000004,2.6456000000000004
76127,TX,0.0,1839,36.7,1839,0.0096,0.0096
76129,TX,0.0,1722,19.8,1722,0.0112,0.0112
76131,TX,28.0,53194,34.1,53194,4.5032,4.5032
76132,TX,13.0,26432,35.9,26432,0.3988,0.3988
76133,TX,14.0,53825,34.0,53825,0.2256,0.2256
76134,TX,8.0,29207,32.2,29207,3.1024,3.1024
76135,TX,8.0,18903,39.4,18903,4.5431,4.5431
76137,TX,26.0,59384,34.5,59384,1.2194,1.2194
76140,TX,13.0,31693,32.1,31693,6.5275,6.5275
76148,TX,13.0,23608,38.5,23608,2.8215000000000003,2.8215000000000003
76155,TX,3.0,6301,31.3,6301,0.0244,0.0244
76164,TX,1.0,13134,36.1,13134,0.068,0.068
76177,TX,15.0,24141,31.8,24141,0.1408,0.1408
76179,TX,28.0,76468,34.3,76468,5.2848,5.2848
76180,TX,78.0,37900,37.3,37900,1.6673999999999998,1.6673999999999998
76182,TX,21.0,30771,43.2,30771,1.3353,1.3353
76201,TX,19.0,29832,24.3,29832,0.7896,0.7896
76203,TX,0.0,1060,18.4,1060,0.0064,0.0064
76205,TX,18.0,19651,29.4,19651,0.5424,0.5424
76207,TX,17.0,18252,39.9,18252,0.4116,0.4116
76208,TX,5.0,27186,35.7,27186,5.122,5.122
76209,TX,21.0,27859,30.7,27859,0.8032,0.8032
76210,TX,26.0,46790,37.5,46790,4.1512,4.1512
76225,TX,2.0,3311,43.6,3311,3.0,3.0
76226,TX,26.0,40516,39.7,40516,17.4224,17.4224
76227,TX,93.0,55437,34.9,55437,22.9404,22.9404
76228,TX,1.0,1320,46.6,1320,3.0,3.0
76230,TX,6.0,9885,42.7,9885,4.0,4.0
76233,TX,4.0,3604,41.0,3604,3.0,3.0
76234,TX,17.0,20912,40.2,20912,4.0084,4.0084
76238,TX,0.0,504,34.9,504,0.0,0.0
76239,TX,0.0,1201,40.9,1201,0.0,0.0
76240,TX,35.0,29271,39.2,29271,13.5508,13.5508
76241,TX,0.0,0,,0,0.0012,0.0012
76244,TX,94.0,75149,34.9,75149,0.3359,0.3359
76245,TX,5.0,1778,57.2,1778,3.0,3.0
76247,TX,187.0,18360,35.6,18360,7.8969,7.8969
76248,TX,30.0,40389,44.1,40389,2.6804,2.6804
76249,TX,27.0,10069,37.9,10069,4.0092,4.0092
76250,TX,1.0,973,38.5,973,2.4200999999999997,2.4200999999999997
76251,TX,0.0,704,45.5,704,3.0,3.0
76252,TX,0.0,2836,42.1,2836,3.1635,3.1635
76253,TX,0.0,236,39.1,236,2.8365,2.8365
76255,TX,2.0,5725,42.9,5725,6.0,6.0
76258,TX,10.0,8042,43.8,8042,3.012,3.012
76259,TX,6.0,5628,37.8,5628,3.0004,3.0004
76261,TX,0.0,203,58.4,203,3.0,3.0
76262,TX,36.0,43589,38.4,43589,11.8681,11.8681
76263,TX,0.0,30,57.2,30,0.0,0.0
76264,TX,2.0,1020,51.9,1020,2.3394000000000004,2.3394000000000004
76265,TX,2.0,1634,39.4,1634,3.0,3.0
76266,TX,9.0,18246,40.7,18246,4.0028,4.0028
76267,TX,0.0,76,21.7,76,0.0,0.0
76268,TX,0.0,248,37.7,248,0.6747,0.6747
76270,TX,3.0,2252,50.6,2252,3.0,3.0
76271,TX,3.0,1864,48.6,1864,3.0,3.0
76272,TX,2.0,4947,48.2,4947,6.0,6.0
76273,TX,11.0,11019,39.1,11019,3.8997,3.8997
76301,TX,6.0,15727,34.7,15727,0.5988,0.5988
76302,TX,14.0,11949,36.6,11949,0.4848,0.4848
76305,TX,1.0,4929,46.5,4929,9.5877,9.5877
76306,TX,4.0,14487,33.5,14487,0.5728,0.5728
76308,TX,9.0,21267,30.6,21267,4.748,4.748
76309,TX,10.0,13344,39.3,13344,0.5104,0.5104
76310,TX,6.0,19362,37.9,19362,1.9299,1.9299
76311,TX,1.0,6381,20.6,6381,0.2484,0.2484
76351,TX,1.0,1481,44.1,1481,3.0,3.0
76354,TX,6.0,11822,41.3,11822,4.0,4.0
76357,TX,0.0,452,54.7,452,3.0,3.0
76360,TX,2.0,2692,40.7,2692,3.0,3.0
76363,TX,0.0,137,53.4,137,3.0,3.0
76364,TX,0.0,222,41.9,222,3.0,3.0
76365,TX,3.0,4668,49.3,4668,3.0,3.0
76366,TX,1.0,2096,35.9,2096,2.8878,2.8878
76367,TX,1.0,14013,40.8,14013,5.4322,5.4322
76370,TX,0.0,464,53.0,464,3.0,3.0
76371,TX,0.0,1801,36.8,1801,3.0,3.0
76372,TX,0.0,1024,47.6,1024,6.0,6.0
76373,TX,0.0,159,62.0,159,3.0,3.0
76374,TX,3.0,3915,40.4,3915,3.0,3.0
76377,TX,0.0,470,46.5,470,3.0,3.0
76379,TX,0.0,623,29.6,623,3.0,3.0
76380,TX,0.0,3484,47.6,3484,3.0,3.0
76384,TX,3.0,12239,39.5,12239,7.0,7.0
76388,TX,0.0,215,49.4,215,3.0,3.0
76389,TX,0.0,1475,44.9,1475,3.0,3.0
76401,TX,6.0,30873,30.1,30873,9.198,9.198
76402,TX,0.0,769,19.3,769,0.1876,0.1876
76424,TX,10.0,8626,40.3,8626,4.0,4.0
76426,TX,2.0,11065,41.2,11065,9.0,9.0
76427,TX,1.0,1125,33.5,1125,3.0,3.0
76429,TX,0.0,157,68.2,157,0.0,0.0
76430,TX,1.0,2383,44.7,2383,3.0,3.0
76431,TX,1.0,4480,38.2,4480,3.0,3.0
76432,TX,0.0,1376,51.1,1376,3.0,3.0
76433,TX,1.0,2018,53.5,2018,3.0,3.0
76435,TX,0.0,732,37.6,732,3.0,3.0
76436,TX,0.0,87,22.1,87,3.0,3.0
76437,TX,7.0,5895,41.9,5895,3.0,3.0
76439,TX,0.0,0,,0,0.11549999999999999,0.11549999999999999
76442,TX,2.0,7082,42.0,7082,6.0,6.0
76443,TX,0.0,1812,48.1,1812,3.0,3.0
76444,TX,1.0,4235,40.8,4235,3.0,3.0
76445,TX,0.0,363,42.8,363,0.0,0.0
76446,TX,2.0,8144,39.5,8144,6.6144,6.6144
76448,TX,1.0,4920,48.3,4920,3.0,3.0
76449,TX,0.0,2157,57.0,2157,3.0,3.0
76450,TX,6.0,12890,40.4,12890,4.0,4.0
76452,TX,0.0,138,56.4,138,0.0,0.0
76453,TX,0.0,1474,58.2,1474,2.8467,2.8467
76454,TX,1.0,1396,49.2,1396,3.0,3.0
76455,TX,0.0,675,53.2,675,6.0,6.0
76457,TX,1.0,4449,43.3,4449,3.0,3.0
76458,TX,0.0,6103,42.0,6103,3.0,3.0
76459,TX,0.0,87,68.4,87,0.0,0.0
76460,TX,0.0,453,45.7,453,3.0,3.0
76462,TX,1.0,4920,37.4,4920,5.8845,5.8845
76463,TX,0.0,489,51.3,489,3.1532999999999998,3.1532999999999998
76464,TX,0.0,463,59.6,463,3.0,3.0
76466,TX,0.0,620,23.9,620,0.0,0.0
76469,TX,0.0,41,55.4,41,3.0,3.0
76470,TX,1.0,3161,37.8,3161,3.0,3.0
76471,TX,1.0,1530,51.2,1530,3.0,3.0
76472,TX,2.0,1343,46.7,1343,6.0,6.0
76474,TX,0.0,421,51.1,421,0.0,0.0
76475,TX,0.0,1037,38.0,1037,3.0,3.0
76476,TX,1.0,3638,36.8,3638,3.0,3.0
76481,TX,0.0,206,50.2,206,0.0,0.0
76483,TX,0.0,675,53.5,675,3.0,3.0
76484,TX,0.0,1000,40.6,1000,3.0,3.0
76486,TX,0.0,1375,33.9,1375,3.0,3.0
76487,TX,2.0,3799,34.3,3799,0.0,0.0
76490,TX,0.0,40,25.7,40,0.0,0.0
76491,TX,0.0,861,30.4,861,3.0,3.0
76501,TX,7.0,17223,35.4,17223,1.3664,1.3664
76502,TX,35.0,51175,34.5,51175,2.1112,2.1112
76504,TX,14.0,24856,33.2,24856,1.1748,1.1748
76511,TX,0.0,2473,42.7,2473,3.0,3.0
76513,TX,41.0,44855,34.2,44855,8.1784,8.1784
76518,TX,0.0,1290,40.6,1290,3.0,3.0
76519,TX,0.0,672,37.5,672,6.0,6.0
76520,TX,5.0,8098,36.8,8098,4.0,4.0
76522,TX,28.0,41895,33.9,41895,5.0784,5.0784
76523,TX,0.0,402,57.5,402,0.0,0.0
76524,TX,0.0,3855,45.7,3855,2.1507,2.1507
76525,TX,0.0,1210,53.6,1210,3.0,3.0
76527,TX,2.0,4686,39.5,4686,3.0,3.0
76528,TX,19.0,18490,39.7,18490,12.4632,12.4632
76530,TX,3.0,2704,42.1,2704,3.0,3.0
76531,TX,1.0,4673,44.1,4673,3.0,3.0
76534,TX,2.0,2812,49.1,2812,3.0,3.0
76537,TX,28.0,12526,30.7,12526,7.9656,7.9656
76538,TX,0.0,996,51.8,996,0.0,0.0
76539,TX,16.0,8642,46.3,8642,1.9187999999999998,1.9187999999999998
76541,TX,8.0,18571,31.6,18571,0.5165,0.5165
76542,TX,16.0,53631,32.1,53631,1.3084,1.3084
76543,TX,7.0,33713,29.9,33713,0.7776,0.7776
76544,TX,2.0,26896,21.7,26896,2.9979,2.9979
76548,TX,13.0,33071,34.7,33071,3.9508,3.9508
76549,TX,20.0,56083,29.3,56083,1.4024,1.4024
76550,TX,7.0,13699,42.8,13699,4.0,4.0
76554,TX,3.0,2199,32.6,2199,3.0,3.0
76556,TX,1.0,1928,37.5,1928,3.0,3.0
76557,TX,3.0,5341,43.6,5341,3.1516,3.1516
76559,TX,1.0,6896,31.6,6896,3.954,3.954
76561,TX,0.0,1070,44.8,1070,3.0,3.0
76565,TX,0.0,0,,0,0.0,0.0
76566,TX,0.0,387,52.1,387,0.0,0.0
76567,TX,14.0,8457,43.5,8457,8.0,8.0
76569,TX,1.0,2946,40.2,2946,3.0,3.0
76570,TX,2.0,2506,50.7,2506,3.0,3.0
76571,TX,9.0,9454,47.1,9454,3.0004,3.0004
76573,TX,0.0,22,23.9,22,0.0,0.0
76574,TX,17.0,19746,41.8,19746,4.0807,4.0807
76577,TX,2.0,3297,46.0,3297,2.9904,2.9904
76578,TX,1.0,1561,39.5,1561,3.0096,3.0096
76579,TX,5.0,5729,35.5,5729,7.1128,7.1128
76596,TX,0.0,1066,39.8,1066,0.2872,0.2872
76597,TX,0.0,3333,40.7,3333,0.8016,0.8016
76598,TX,0.0,452,38.3,452,0.1092,0.1092
76599,TX,0.0,1906,38.4,1906,0.3388,0.3388
76621,TX,0.0,1033,36.2,1033,3.0,3.0
76622,TX,2.0,1497,36.0,1497,3.0,3.0
76623,TX,0.0,102,44.7,102,0.0,0.0
76624,TX,0.0,2679,39.6,2679,0.6087,0.6087
76626,TX,0.0,1219,37.8,1219,3.0,3.0
76627,TX,0.0,1399,47.8,1399,3.0,3.0
76628,TX,0.0,101,40.3,101,0.0,0.0
76629,TX,1.0,1812,48.8,1812,3.0,3.0
76630,TX,0.0,1688,50.4,1688,0.8805000000000001,0.8805000000000001
76631,TX,0.0,471,37.8,471,3.0,3.0
76632,TX,0.0,1464,48.3,1464,3.5922,3.5922
76633,TX,4.0,6037,41.2,6037,2.8818,2.8818
76634,TX,8.0,7483,49.6,7483,6.0,6.0
76635,TX,0.0,1382,31.4,1382,3.0,3.0
76636,TX,1.0,1678,38.4,1678,3.0,3.0
76637,TX,1.0,463,46.3,463,3.0,3.0
76638,TX,1.0,3395,37.9,3395,2.9967,2.9967
76639,TX,2.0,2005,40.2,2005,3.0,3.0
76640,TX,0.0,2958,36.4,2958,1.1338,1.1338
76641,TX,2.0,2094,33.5,2094,3.0,3.0
76642,TX,1.0,6226,39.7,6226,3.0,3.0
76643,TX,4.0,16244,37.1,16244,4.0,4.0
76645,TX,7.0,11321,37.7,11321,4.6417,4.6417
76648,TX,1.0,2922,36.8,2922,3.0,3.0
76649,TX,1.0,919,50.6,919,3.0,3.0
76650,TX,0.0,86,35.8,86,0.0,0.0
76651,TX,1.0,4071,36.8,4071,3.0,3.0
76652,TX,0.0,954,58.9,954,3.0,3.0
76653,TX,2.0,1133,57.6,1133,3.0,3.0
76654,TX,0.0,168,28.3,168,1.1187,1.1187
76655,TX,2.0,9572,38.5,9572,6.5846,6.5846
76656,TX,0.0,2478,43.6,2478,3.0,3.0
76657,TX,4.0,12770,38.3,12770,4.1241,4.1241
76660,TX,1.0,480,35.8,480,3.0,3.0
76661,TX,2.0,7266,38.4,7266,4.0,4.0
76664,TX,0.0,3425,38.1,3425,3.5013,3.5013
76665,TX,0.0,2643,49.3,2643,3.0189,3.0189
76666,TX,0.0,245,29.9,245,3.0,3.0
76667,TX,4.0,10494,40.0,10494,4.0,4.0
76670,TX,0.0,1921,39.5,1921,5.3583,5.3583
76671,TX,0.0,1976,54.7,1976,3.0,3.0
76673,TX,1.0,1178,41.0,1178,3.0,3.0
76676,TX,0.0,353,35.8,353,3.0,3.0
76678,TX,0.0,119,61.6,119,0.0,0.0
76679,TX,4.0,1158,38.8,1158,0.0,0.0
76680,TX,1.0,194,37.4,194,0.0,0.0
76681,TX,2.0,760,28.5,760,3.0,3.0
76682,TX,2.0,3559,33.2,3559,3.2865,3.2865
76685,TX,0.0,52,72.6,52,0.0,0.0
76686,TX,0.0,275,53.1,275,3.0,3.0
76687,TX,0.0,1875,56.6,1875,3.0,3.0
76689,TX,2.0,4421,37.4,4421,6.0,6.0
76690,TX,1.0,1280,32.1,1280,2.9811,2.9811
76691,TX,5.0,6288,42.9,6288,6.786300000000001,6.786300000000001
76692,TX,13.0,9662,51.1,9662,3.0,3.0
76693,TX,2.0,1966,40.7,1966,3.1782,3.1782
76701,TX,0.0,1732,33.9,1732,0.0484,0.0484
76704,TX,4.0,7387,27.7,7387,0.2084,0.2084
76705,TX,12.0,31750,35.0,31750,12.7362,12.7362
76706,TX,9.0,40668,23.8,40668,4.5596000000000005,4.5596000000000005
76707,TX,2.0,16602,29.5,16602,0.4688,0.4688
76708,TX,7.0,27679,35.9,27679,0.8986,0.8986
76710,TX,7.0,23270,38.7,23270,0.7184,0.7184
76711,TX,3.0,9631,33.1,9631,3.2288,3.2288
76712,TX,10.0,28719,39.9,28719,7.4152000000000005,7.4152000000000005
76798,TX,0.0,2903,19.0,2903,0.0716,0.0716
76801,TX,12.0,25152,39.2,25152,6.9976,6.9976
76802,TX,3.0,5317,42.1,5317,4.0024,4.0024
76820,TX,0.0,128,72.7,128,0.0,0.0
76821,TX,2.0,4572,41.9,4572,3.0,3.0
76823,TX,3.0,2911,45.8,2911,3.0,3.0
76824,TX,1.0,0,,0,0.0,0.0
76825,TX,3.0,6595,42.8,6595,4.0,4.0
76827,TX,0.0,615,62.1,615,0.0,0.0
76828,TX,0.0,196,64.8,196,0.0,0.0
76831,TX,0.0,0,,0,0.0,0.0
76832,TX,0.0,517,43.1,517,0.0,0.0
76834,TX,1.0,4861,48.6,4861,4.0,4.0
76836,TX,0.0,3,,3,0.0,0.0
76837,TX,0.0,1946,41.1,1946,3.0,3.0
76841,TX,0.0,201,15.3,201,0.0,0.0
76842,TX,0.0,188,66.3,188,0.0,0.0
76844,TX,0.0,3202,49.6,3202,3.0,3.0
76845,TX,0.0,172,41.9,172,0.0,0.0
76848,TX,0.0,53,,53,0.0,0.0
76849,TX,0.0,3488,47.2,3488,3.0,3.0
76852,TX,0.0,276,65.6,276,0.0,0.0
76853,TX,25.0,1653,50.1,1653,3.0,3.0
76854,TX,0.0,483,63.4,483,0.0,0.0
76856,TX,0.0,3525,44.1,3525,3.0,3.0
76857,TX,0.0,2118,44.4,2118,6.0,6.0
76858,TX,0.0,251,43.1,251,3.0,3.0
76859,TX,0.0,1666,59.6,1666,3.0,3.0
76861,TX,0.0,2145,36.8,2145,3.0,3.0
76862,TX,0.0,240,56.1,240,0.0,0.0
76864,TX,1.0,802,55.1,802,3.0,3.0
76865,TX,0.0,237,48.7,237,0.0,0.0
76866,TX,0.0,918,50.9,918,3.0,3.0
76869,TX,0.0,11,,11,0.0,0.0
76870,TX,0.0,66,59.0,66,0.0,0.0
76871,TX,0.0,560,50.2,560,3.0,3.0
76872,TX,1.0,662,56.9,662,3.0,3.0
76873,TX,0.0,89,42.7,89,0.0,0.0
76874,TX,0.0,0,,0,0.0,0.0
76875,TX,0.0,498,53.9,498,3.0,3.0
76877,TX,4.0,4527,38.4,4527,3.0,3.0
76878,TX,0.0,1797,40.1,1797,3.0,3.0
76880,TX,0.0,0,,0,0.0,0.0
76882,TX,0.0,266,37.4,266,0.0639,0.0639
76884,TX,1.0,94,63.3,94,2.9361,2.9361
76885,TX,0.0,92,37.5,92,0.0,0.0
76887,TX,0.0,76,64.8,76,0.0,0.0
76888,TX,0.0,119,60.6,119,0.0,0.0
76890,TX,0.0,812,53.1,812,3.0,3.0
76901,TX,15.0,31581,35.1,31581,4.0055,4.0055
76902,TX,2.0,0,,0,0.0,0.0
76903,TX,15.0,31181,37.9,31181,1.2624,1.2624
76904,TX,31.0,36444,37.4,36444,1.3384,1.3384
76905,TX,4.0,13761,33.9,13761,0.3784,0.3784
76908,TX,0.0,1566,21.0,1566,0.0608,0.0608
76909,TX,0.0,420,19.8,420,0.008,0.008
76930,TX,0.0,107,40.4,107,0.0,0.0
76932,TX,2.0,3239,29.2,3239,3.0,3.0
76933,TX,1.0,1467,39.7,1467,3.0,3.0
76934,TX,0.0,1172,38.3,1172,2.9469,2.9469
76935,TX,1.0,1638,48.6,1638,3.0,3.0
76936,TX,0.0,2399,39.8,2399,3.0,3.0
76937,TX,0.0,267,42.0,267,0.0,0.0
76939,TX,0.0,0,,0,0.0,0.0
76940,TX,0.0,68,68.1,68,0.0,0.0
76941,TX,0.0,1216,50.1,1216,3.0,3.0
76943,TX,1.0,2772,46.2,2772,3.0,3.0
76945,TX,1.0,1706,47.6,1706,3.0,3.0
76950,TX,1.0,3490,36.9,3490,3.0,3.0
76951,TX,1.0,1389,31.4,1389,3.0,3.0
76953,TX,0.0,40,68.6,40,0.0,0.0
76955,TX,0.0,187,32.2,187,0.0,0.0
76957,TX,0.0,203,7.6,203,0.0,0.0
76958,TX,0.0,289,30.4,289,0.0,0.0
77002,TX,17.0,19616,35.7,19616,0.0344,0.0344
77003,TX,13.0,9721,35.3,9721,0.0208,0.0208
77004,TX,42.0,35866,33.9,35866,0.0644,0.0644
77005,TX,9.0,28231,36.2,28231,4.9091,4.9091
77006,TX,26.0,23927,33.6,23927,0.042,0.042
77007,TX,28.0,45337,33.2,45337,0.0744,0.0744
77008,TX,25.0,40155,35.3,40155,0.0636,0.0636
77009,TX,14.0,36107,38.1,36107,0.0632,0.0632
77010,TX,4.0,620,52.6,620,0.0016,0.0016
77011,TX,4.0,15681,40.3,15681,0.0292,0.0292
77012,TX,2.0,16780,35.0,16780,0.032,0.032
77013,TX,1.0,17680,35.8,17680,0.0292,0.0292
77014,TX,10.0,36314,31.4,36314,0.0024,0.0024
77015,TX,15.0,58822,29.6,58822,3.5652,3.5652
77016,TX,24.0,29480,37.4,29480,0.0508,0.0508
77017,TX,8.0,30797,32.2,30797,0.0548,0.0548
77018,TX,20.0,29595,36.9,29595,0.0484,0.0484
77019,TX,31.0,23662,36.5,23662,0.042,0.042
77020,TX,11.0,25583,36.4,25583,0.0432,0.0432
77021,TX,25.0,24884,36.8,24884,0.0488,0.0488
77022,TX,7.0,26135,36.0,26135,0.05,0.05
77023,TX,12.0,24962,35.5,24962,0.0464,0.0464
77024,TX,31.0,37647,43.5,37647,11.9956,11.9956
77025,TX,18.0,29177,39.1,29177,1.1601,1.1601
77026,TX,14.0,20536,36.5,20536,0.0408,0.0408
77027,TX,20.0,19269,35.0,19269,0.0328,0.0328
77028,TX,8.0,18379,30.5,18379,0.0324,0.0324
77029,TX,5.0,15931,39.6,15931,3.0128,3.0128
77030,TX,17.0,12976,32.4,12976,0.0228,0.0228
77031,TX,2.0,15740,38.5,15740,0.029500000000000002,0.029500000000000002
77032,TX,6.0,13536,27.7,13536,0.0727,0.0727
77033,TX,11.0,28079,33.3,28079,0.0492,0.0492
77034,TX,11.0,37185,33.3,37185,0.0664,0.0664
77035,TX,16.0,34849,34.8,34849,0.0648,0.0648
77036,TX,19.0,71036,31.4,71036,0.1316,0.1316
77037,TX,1.0,17806,34.1,17806,0.6504000000000001,0.6504000000000001
77038,TX,5.0,31271,29.3,31271,0.0048,0.0048
77039,TX,8.0,28335,32.1,28335,0.8652,0.8652
77040,TX,22.0,50446,34.3,50446,1.7590000000000001,1.7590000000000001
77041,TX,15.0,33180,38.5,33180,0.0152,0.0152
77042,TX,29.0,40725,34.2,40725,0.0716,0.0716
77043,TX,20.0,26343,35.6,26343,0.0456,0.0456
77044,TX,22.0,55746,33.0,55746,0.1152,0.1152
77045,TX,8.0,32482,34.5,32482,0.0564,0.0564
77046,TX,3.0,1873,38.0,1873,0.0032,0.0032
77047,TX,11.0,35248,34.1,35248,0.041999999999999996,0.041999999999999996
77048,TX,16.0,20430,32.3,20430,0.0356,0.0356
77049,TX,11.0,40373,29.7,40373,3.6944,3.6944
77050,TX,3.0,5854,31.2,5854,0.0028,0.0028
77051,TX,10.0,18506,31.6,18506,0.032,0.032
77053,TX,8.0,30256,35.4,30256,0.0476,0.0476
77054,TX,16.0,26696,31.4,26696,0.0424,0.0424
77055,TX,26.0,44088,34.5,44088,5.8227,5.8227
77056,TX,30.0,23314,42.9,23314,0.042,0.042
77057,TX,28.0,45394,33.9,45394,0.0756,0.0756
77058,TX,15.0,18572,38.1,18572,3.9838999999999998,3.9838999999999998
77059,TX,6.0,18386,46.1,18386,0.1104,0.1104
77060,TX,14.0,44920,28.3,44920,1.4792999999999998,1.4792999999999998
77061,TX,4.0,24238,34.4,24238,0.0408,0.0408
77062,TX,13.0,24892,40.2,24892,0.0436,0.0436
77063,TX,25.0,39994,35.2,39994,0.35850000000000004,0.35850000000000004
77064,TX,17.0,48924,34.2,48924,0.2668,0.2668
77065,TX,26.0,38393,38.7,38393,1.0186000000000002,1.0186000000000002
77066,TX,15.0,38315,34.8,38315,0.0008,0.0008
77067,TX,15.0,31800,32.0,31800,0.0164,0.0164
77068,TX,10.0,12289,34.7,12289,0.0004,0.0004
77069,TX,9.0,20935,34.7,20935,0.0008,0.0008
77070,TX,34.0,57645,33.8,57645,0.014,0.014
77071,TX,18.0,26794,40.5,26794,0.2848,0.2848
77072,TX,21.0,58681,35.1,58681,0.0936,0.0936
77073,TX,5.0,43684,31.4,43684,0.0016,0.0016
77074,TX,8.0,37467,32.6,37467,0.0696,0.0696
77075,TX,7.0,41012,31.9,41012,0.0676,0.0676
77076,TX,17.0,32641,30.6,32641,0.056,0.056
77077,TX,32.0,63421,34.9,63421,0.1064,0.1064
77078,TX,4.0,14705,33.7,14705,0.0256,0.0256
77079,TX,16.0,35540,36.0,35540,0.0632,0.0632
77080,TX,28.0,49064,31.8,49064,0.0788,0.0788
77081,TX,12.0,51366,28.4,51366,0.084,0.084
77082,TX,33.0,57269,35.6,57269,0.0692,0.0692
77083,TX,29.0,74843,35.5,74843,4.0351,4.0351
77084,TX,41.0,109115,33.2,109115,0.0228,0.0228
77085,TX,4.0,16947,38.0,16947,0.0308,0.0308
77086,TX,3.0,28623,34.1,28623,0.0016,0.0016
77087,TX,11.0,35192,34.7,35192,0.06,0.06
77088,TX,21.0,54115,34.2,54115,0.0596,0.0596
77089,TX,19.0,56607,35.1,56607,0.16040000000000001,0.16040000000000001
77090,TX,30.0,41843,30.1,41843,0.0104,0.0104
77091,TX,14.0,29135,33.7,29135,0.0488,0.0488
77092,TX,24.0,36185,33.4,36185,0.0604,0.0604
77093,TX,15.0,46091,31.3,46091,0.0452,0.0452
77094,TX,10.0,10718,45.4,10718,0.0,0.0
77095,TX,33.0,69912,39.9,69912,0.0016,0.0016
77096,TX,16.0,33991,36.6,33991,0.06,0.06
77098,TX,13.0,16318,36.8,16318,0.0272,0.0272
77099,TX,17.0,49271,34.8,49271,0.1141,0.1141
77204,TX,2.0,4056,20.3,4056,0.0076,0.0076
77301,TX,37.0,36835,31.7,36835,1.5884,1.5884
77302,TX,33.0,19787,37.7,19787,1.6581000000000001,1.6581000000000001
77303,TX,83.0,26324,33.0,26324,3.3688,3.3688
77304,TX,30.0,42277,34.0,42277,4.2069,4.2069
77306,TX,20.0,17695,31.3,17695,5.3143,5.3143
77316,TX,39.0,31917,40.2,31917,0.928,0.928
77318,TX,22.0,19820,44.1,19820,1.1715,1.1715
77320,TX,18.0,37458,40.0,37458,2.8686,2.8686
77326,TX,0.0,240,77.3,240,0.0,0.0
77327,TX,34.0,37574,28.6,37574,8.1456,8.1456
77328,TX,17.0,17816,38.0,17816,2.8183999999999996,2.8183999999999996
77331,TX,6.0,7348,51.1,7348,6.0,6.0
77334,TX,0.0,211,42.8,211,0.0,0.0
77335,TX,0.0,2945,41.4,2945,2.8791,2.8791
77336,TX,42.0,12510,38.8,12510,0.0088,0.0088
77338,TX,19.0,47335,33.2,47335,2.6588000000000003,2.6588000000000003
77339,TX,44.0,43364,39.8,43364,0.0628,0.0628
77340,TX,21.0,35439,30.7,35439,2.4899,2.4899
77342,TX,0.0,0,,0,0.002,0.002
77345,TX,17.0,27574,41.2,27574,0.0472,0.0472
77346,TX,34.0,75577,36.1,75577,3.1508000000000003,3.1508000000000003
77350,TX,0.0,321,41.8,321,0.0,0.0
77351,TX,17.0,35828,44.4,35828,18.4982,18.4982
77354,TX,38.0,40501,38.4,40501,4.718,4.718
77355,TX,18.0,31727,41.4,31727,4.796,4.796
77356,TX,26.0,31069,48.2,31069,3.4372,3.4372
77357,TX,108.0,34770,31.1,34770,7.2808,7.2808
77358,TX,4.0,5565,41.1,5565,2.9901,2.9901
77359,TX,0.0,727,46.9,727,3.0,3.0
77360,TX,6.0,6130,45.1,6130,3.0,3.0
77362,TX,2.0,7474,37.3,7474,1.5692,1.5692
77363,TX,5.0,3246,39.6,3246,8.9676,8.9676
77364,TX,1.0,1835,63.3,1835,3.0,3.0
77365,TX,93.0,43025,34.8,43025,4.0024,4.0024
77367,TX,0.0,634,38.9,634,1.6494,1.6494
77368,TX,2.0,0,,0,0.0,0.0
77369,TX,0.0,607,53.1,607,1.6227,1.6227
77371,TX,16.0,7548,36.9,7548,3.0,3.0
77372,TX,20.0,14088,35.8,14088,7.7552,7.7552
77373,TX,31.0,68273,33.3,68273,4.0016,4.0016
77374,TX,1.0,334,52.7,334,0.0,0.0
77375,TX,40.0,71198,34.4,71198,4.0308,4.0308
77376,TX,0.0,575,41.8,575,0.0,0.0
77377,TX,12.0,39154,38.1,39154,0.192,0.192
77378,TX,27.0,17576,39.5,17576,3.0592,3.0592
77379,TX,41.0,83163,36.5,83163,0.0028,0.0028
77380,TX,19.0,31151,36.6,31151,0.6023,0.6023
77381,TX,17.0,35184,44.5,35184,2.9339000000000004,2.9339000000000004
77382,TX,16.0,40170,41.4,40170,1.3028,1.3028
77384,TX,23.0,24148,39.3,24148,1.1247,1.1247
77385,TX,14.0,26889,35.3,26889,5.5252,5.5252
77386,TX,30.0,69549,33.7,69549,1.1254,1.1254
77388,TX,33.0,52910,35.7,52910,0.0016,0.0016
77389,TX,19.0,44545,34.1,44545,0.354,0.354
77396,TX,33.0,58893,33.5,58893,2.132,2.132
77401,TX,5.0,17125,45.1,17125,3.0,3.0
77406,TX,35.0,65716,38.1,65716,4.4388,4.4388
77407,TX,36.0,81459,33.8,81459,0.0466,0.0466
77412,TX,1.0,10,,10,0.0,0.0
77414,TX,13.0,23879,36.0,23879,7.9237,7.9237
77415,TX,0.0,178,69.2,178,0.0,0.0
77417,TX,0.0,3232,35.1,3232,3.1757,3.1757
77418,TX,8.0,10467,42.3,10467,3.0,3.0
77419,TX,0.0,778,24.9,778,3.0,3.0
77420,TX,1.0,2461,32.1,2461,6.0,6.0
77422,TX,3.0,14548,42.2,14548,5.9406,5.9406
77423,TX,25.0,16689,33.3,16689,4.9959999999999996,4.9959999999999996
77426,TX,1.0,2193,47.4,2193,0.0,0.0
77428,TX,0.0,126,54.3,126,0.0,0.0
77429,TX,34.0,95938,36.9,95938,0.0024,0.0024
77430,TX,2.0,1916,46.1,1916,3.0,3.0
77431,TX,0.0,204,,204,0.0,0.0
77432,TX,1.0,0,,0,0.0,0.0
77433,TX,219.0,112211,33.6,112211,0.0036,0.0036
77434,TX,2.0,4037,38.5,4037,3.0,3.0
77435,TX,1.0,4376,45.2,4376,3.0,3.0
77436,TX,0.0,0,,0,0.0,0.0
77437,TX,2.0,18886,37.7,18886,4.0,4.0
77440,TX,0.0,169,52.8,169,0.0,0.0
77441,TX,75.0,32905,38.3,32905,6.8736,6.8736
77442,TX,0.0,1434,26.7,1434,5.3247,5.3247
77443,TX,0.0,123,,123,0.0,0.0
77444,TX,0.0,793,28.7,793,0.0,0.0
77445,TX,10.0,14943,32.4,14943,7.6174,7.6174
77446,TX,0.0,6060,20.6,6060,2.286,2.286
77447,TX,11.0,22766,32.5,22766,0.0,0.0
77448,TX,0.0,88,80.0,88,2.9307,2.9307
77449,TX,44.0,123042,34.3,123042,0.006,0.006
77450,TX,21.0,73226,37.6,73226,2.0184,2.0184
77451,TX,1.0,510,35.1,510,2.8251,2.8251
77453,TX,0.0,93,74.8,93,0.0,0.0
77454,TX,0.0,180,57.4,180,0.0,0.0
77455,TX,0.0,1593,37.9,1593,3.0,3.0
77456,TX,0.0,1447,20.6,1447,3.0,3.0
77457,TX,1.0,460,62.6,460,3.0,3.0
77458,TX,0.0,13,,13,3.0,3.0
77459,TX,57.0,81251,39.1,81251,6.4216,6.4216
77460,TX,0.0,96,30.5,96,0.6753,0.6753
77461,TX,5.0,12397,36.5,12397,4.8505,4.8505
77464,TX,0.0,457,48.5,457,3.0,3.0
77465,TX,4.0,7267,43.0,7267,3.0,3.0
77466,TX,0.0,258,57.7,258,1.0091999999999999,1.0091999999999999
77467,TX,0.0,22,,22,0.0,0.0
77468,TX,0.0,0,,0,0.0,0.0
77469,TX,29.0,65159,35.0,65159,9.8375,9.8375
77470,TX,0.0,381,40.0,381,3.0,3.0
77471,TX,14.0,45078,33.1,45078,7.5396,7.5396
77473,TX,0.0,32,36.5,32,0.2256,0.2256
77474,TX,7.0,14846,40.5,14846,13.7744,13.7744
77475,TX,0.0,413,68.7,413,3.0,3.0
77476,TX,0.0,341,65.3,341,0.8067,0.8067
77477,TX,13.0,32722,34.6,32722,8.9652,8.9652
77478,TX,20.0,22699,46.7,22699,0.8921,0.8921
77479,TX,41.0,92355,40.9,92355,2.6492,2.6492
77480,TX,6.0,8252,35.7,8252,3.0,3.0
77481,TX,0.0,128,84.4,128,1.4616,1.4616
77482,TX,0.0,2047,48.9,2047,4.0,4.0
77483,TX,0.0,337,34.2,337,2.0763000000000003,2.0763000000000003
77484,TX,12.0,13772,33.8,13772,3.0966,3.0966
77485,TX,1.0,3865,35.8,3865,5.1933,5.1933
77486,TX,12.0,7330,34.2,7330,7.0594,7.0594
77488,TX,8.0,14129,38.5,14129,4.0693,4.0693
77489,TX,18.0,39054,36.7,39054,1.1359,1.1359
77493,TX,36.0,62264,31.5,62264,2.9564,2.9564
77494,TX,53.0,137213,38.3,137213,2.0444,2.0444
77498,TX,36.0,53092,36.5,53092,2.3994999999999997,2.3994999999999997
77502,TX,4.0,36126,31.4,36126,0.9872,0.9872
77503,TX,4.0,23899,33.8,23899,0.6582,0.6582
77504,TX,16.0,25758,32.1,25758,0.612,0.612
77505,TX,6.0,23686,34.3,23686,0.6728000000000001,0.6728000000000001
77506,TX,7.0,35243,29.8,35243,0.9064,0.9064
77507,TX,1.0,578,28.4,578,0.0196,0.0196
77510,TX,13.0,13938,46.7,13938,3.2368,3.2368
77511,TX,29.0,51984,34.7,51984,8.5955,8.5955
77514,TX,2.0,5213,36.8,5213,6.0,6.0
77515,TX,17.0,33092,39.0,33092,10.23,10.23
77517,TX,1.0,5665,39.1,5665,0.7548,0.7548
77518,TX,3.0,9935,34.4,9935,3.009,3.009
77519,TX,0.0,556,39.6,556,0.0,0.0
77520,TX,11.0,35724,37.1,35724,1.8,1.8
77521,TX,32.0,65920,33.2,65920,2.0944,2.0944
77523,TX,22.0,28411,35.1,28411,10.5803,10.5803
77530,TX,11.0,32065,32.3,32065,3.0852,3.0852
77531,TX,9.0,16260,31.6,16260,7.3576,7.3576
77532,TX,74.0,31778,34.8,31778,6.9344,6.9344
77533,TX,1.0,1133,36.5,1133,3.0,3.0
77534,TX,0.0,3406,34.1,3406,3.0,3.0
77535,TX,26.0,38037,34.8,38037,13.482099999999999,13.482099999999999
77536,TX,11.0,32421,38.8,32421,2.9242,2.9242
77538,TX,0.0,818,47.3,818,2.9085,2.9085
77539,TX,21.0,47164,35.8,47164,8.6913,8.6913
77541,TX,8.0,16574,38.9,16574,17.0,17.0
77545,TX,22.0,25863,36.8,25863,4.4024,4.4024
77546,TX,28.0,54082,39.5,54082,4.058,4.058
77547,TX,2.0,9380,32.1,9380,2.6892,2.6892
77550,TX,17.0,23542,39.1,23542,1.8064,1.8064
77551,TX,12.0,22031,37.2,22031,1.6892,1.6892
77554,TX,7.0,9973,56.8,9973,6.5047999999999995,6.5047999999999995
77555,TX,0.0,2,,2,0.0008,0.0008
77560,TX,1.0,1095,41.1,1095,0.0,0.0
77561,TX,1.0,20,,20,0.246,0.246
77562,TX,7.0,9805,38.4,9805,4.0668,4.0668
77563,TX,3.0,10212,44.0,10212,6.9412,6.9412
77564,TX,2.0,1876,51.6,1876,3.0,3.0
77565,TX,9.0,6583,47.9,6583,6.0961,6.0961
77566,TX,11.0,30057,36.3,30057,4.4124,4.4124
77568,TX,17.0,21118,36.4,21118,4.0872,4.0872
77571,TX,16.0,37659,37.5,37659,9.0024,9.0024
77573,TX,52.0,97871,37.5,97871,3.3304,3.3304
77575,TX,8.0,16617,38.0,16617,10.7452,10.7452
77577,TX,1.0,1288,46.2,1288,2.4885,2.4885
77578,TX,26.0,27195,37.4,27195,3.9436000000000004,3.9436000000000004
77580,TX,0.0,0,,0,0.0516,0.0516
77581,TX,10.0,50240,37.4,50240,4.4348,4.4348
77582,TX,0.0,278,49.0,278,0.0915,0.0915
77583,TX,107.0,47646,36.6,47646,16.8612,16.8612
77584,TX,88.0,90979,36.6,90979,2.4499999999999997,2.4499999999999997
77585,TX,1.0,1123,30.8,1123,0.0,0.0
77586,TX,8.0,24019,43.2,24019,9.081199999999999,9.081199999999999
77587,TX,5.0,16058,30.5,16058,3.0,3.0
77590,TX,11.0,33145,36.1,33145,2.3484,2.3484
77591,TX,8.0,16840,36.8,16840,1.3372,1.3372
77597,TX,0.0,507,35.4,507,0.0,0.0
77598,TX,26.0,26638,34.3,26638,2.1425,2.1425
77611,TX,5.0,9550,36.7,9550,3.8676,3.8676
77612,TX,4.0,9152,37.3,9152,5.992,5.992
77613,TX,4.0,686,43.0,686,2.2923,2.2923
77614,TX,0.0,512,44.0,512,2.4588,2.4588
77615,TX,1.0,256,48.5,256,1.008,1.008
77616,TX,3.0,859,37.1,859,0.0,0.0
77617,TX,2.0,38,67.4,38,0.1353,0.1352764162629
77619,TX,2.0,17021,41.1,17021,3.0004,3.0004
77622,TX,2.0,1799,34.1,1799,2.6943,2.6943
77623,TX,0.0,595,59.5,595,0.3684,0.36833578530120004
77624,TX,1.0,706,63.3,706,0.0,0.0
77625,TX,7.0,9384,38.8,9384,3.0277,3.0277
77627,TX,4.0,21951,37.7,21951,7.0908,7.0908
77629,TX,15.0,524,50.6,524,2.9553,2.9553
77630,TX,13.0,29744,36.2,29744,8.7692,8.7692
77632,TX,8.0,22166,38.7,22166,11.91,11.91
77640,TX,5.0,17480,37.7,17480,1.186,1.186
77642,TX,7.0,38051,31.8,38051,2.7844,2.7844
77650,TX,0.0,2362,63.5,2362,2.4962999999999997,2.4958648774359
77651,TX,2.0,13627,39.6,13627,4.0,4.0
77655,TX,0.0,266,59.2,266,0.02,0.02
77656,TX,8.0,17132,41.1,17132,4.0,4.0
77657,TX,6.0,21691,40.4,21691,6.9936,6.9936
77659,TX,6.0,5847,34.9,5847,6.0,6.0
77660,TX,0.0,1141,51.8,1141,0.0,0.0
77661,TX,0.0,393,16.2,393,0.7383000000000001,0.7383000000000001
77662,TX,8.0,25193,42.4,25193,11.0,11.0
77663,TX,7.0,309,55.1,309,2.9787,2.9787
77664,TX,2.0,2590,45.1,2590,3.0,3.0
77665,TX,3.0,7751,38.6,7751,5.5674,5.5674
77701,TX,2.0,12328,35.9,12328,0.4592,0.4592
77702,TX,1.0,3497,40.7,3497,0.0932,0.0932
77703,TX,5.0,11640,32.8,11640,0.4636,0.4636
77705,TX,12.0,37988,37.8,37988,9.5376,9.5376
77706,TX,6.0,30754,38.2,30754,1.038,1.038
77707,TX,8.0,17538,36.5,17538,0.6044,0.6044
77708,TX,4.0,12398,37.8,12398,0.4328,0.4328
77713,TX,21.0,15373,33.8,15373,4.0368,4.0368
77801,TX,14.0,15253,23.6,15253,0.7192,0.7192
77802,TX,27.0,25303,37.8,25303,1.2148,1.2148
77803,TX,15.0,31923,31.9,31923,1.448,1.448
77807,TX,14.0,13068,31.9,13068,4.3848,4.3848
77808,TX,10.0,14334,41.8,14334,6.2324,6.2324
77830,TX,1.0,2907,41.3,2907,3.0,3.0
77831,TX,2.0,3163,45.4,3163,3.2091,3.2091
77833,TX,22.0,28234,40.0,28234,4.0,4.0
77835,TX,0.0,3036,45.3,3036,3.0,3.0
77836,TX,3.0,12469,44.9,12469,13.7436,13.7436
77837,TX,1.0,1347,48.7,1347,3.0,3.0
77840,TX,58.0,55186,22.1,55186,1.8316,1.8316
77843,TX,0.0,7905,19.4,7905,0.2888,0.2888
77845,TX,113.0,74612,32.8,74612,1.8807999999999998,1.8807999999999998
77852,TX,0.0,18,,18,1.9047,1.9047
77853,TX,0.0,1052,58.1,1052,3.0,3.0
77855,TX,0.0,142,64.1,142,0.0,0.0
77856,TX,1.0,4832,37.1,4832,3.0,3.0
77857,TX,1.0,1261,40.5,1261,3.0,3.0
77859,TX,4.0,7516,40.2,7516,3.0,3.0
77861,TX,0.0,2785,46.8,2785,3.0,3.0
77863,TX,0.0,370,12.3,370,0.8136,0.8136
77864,TX,1.0,7635,38.3,7635,3.0,3.0
77865,TX,0.0,1818,31.7,1818,3.0,3.0
77866,TX,2.0,0,,0,0.0,0.0
77867,TX,0.0,181,40.1,181,0.0,0.0
77868,TX,11.0,18863,38.6,18863,4.0324,4.0324
77871,TX,1.0,2744,46.8,2744,6.2583,6.2583
77872,TX,2.0,2304,33.1,2304,0.0,0.0
77873,TX,1.0,1179,47.9,1179,5.4030000000000005,5.4030000000000005
77875,TX,0.0,0,,0,0.0,0.0
77876,TX,0.0,144,46.6,144,0.3882,0.3882
77878,TX,0.0,706,42.5,706,2.3004000000000002,2.3004000000000002
77879,TX,4.0,4775,46.9,4775,8.2377,8.2377
77880,TX,3.0,2954,40.3,2954,0.0,0.0
77882,TX,0.0,34,,34,0.0,0.0
77901,TX,20.0,39965,32.9,39965,2.4416,2.4416
77904,TX,23.0,29989,38.6,29989,1.55,1.55
77905,TX,10.0,16346,41.2,16346,3.0258000000000003,3.0258000000000003
77950,TX,0.0,197,54.6,197,3.0,3.0
77951,TX,0.0,1442,35.4,1442,2.9825999999999997,2.9825999999999997
77954,TX,6.0,11007,41.6,11007,4.0,4.0
77957,TX,0.0,8919,40.7,8919,4.0,4.0
77960,TX,0.0,0,,0,0.0,0.0
77961,TX,0.0,40,,40,0.0,0.0
77962,TX,1.0,3325,42.8,3325,3.0,3.0
77963,TX,2.0,5109,41.6,5109,3.0,3.0
77964,TX,3.0,8061,44.1,8061,3.0,3.0
77968,TX,1.0,3022,44.2,3022,3.0,3.0
77969,TX,0.0,158,54.9,158,0.0441,0.0441
77970,TX,0.0,281,40.9,281,3.0,3.0
77971,TX,0.0,716,47.8,716,3.0,3.0
77973,TX,0.0,28,55.5,28,0.0,0.0
77974,TX,1.0,670,36.3,670,0.0,0.0
77975,TX,0.0,1782,44.4,1782,3.0,3.0
77976,TX,0.0,15,64.6,15,0.0,0.0
77977,TX,0.0,503,40.3,503,3.0,3.0
77978,TX,0.0,498,37.2,498,3.0,3.0
77979,TX,7.0,16179,37.7,16179,10.0,10.0
77982,TX,1.0,698,65.4,698,3.0,3.0
77983,TX,1.0,2707,40.3,2707,3.0,3.0
77984,TX,0.0,4630,46.2,4630,3.0,3.0
77986,TX,0.0,0,,0,0.0,0.0
77987,TX,0.0,207,37.8,207,0.0,0.0
77988,TX,0.0,360,45.9,360,0.0,0.0
77990,TX,1.0,783,51.6,783,3.0,3.0
77991,TX,0.0,564,15.0,564,2.9558999999999997,2.9558999999999997
77993,TX,0.0,304,41.3,304,0.0,0.0
77994,TX,0.0,513,32.7,513,0.0,0.0
77995,TX,1.0,10244,38.6,10244,4.0,4.0
78001,TX,0.0,0,,0,0.0,0.0
78002,TX,2.0,7482,31.7,7482,2.9093999999999998,2.8632190472495997
78003,TX,6.0,9594,51.2,9594,6.0,6.0
78004,TX,2.0,541,46.7,541,0.0,0.0
78005,TX,0.0,1330,41.1,1330,2.8749000000000002,2.8749000000000002
78006,TX,15.0,42200,43.2,42200,5.327,5.327
78007,TX,0.0,229,12.4,229,0.0,0.0
78008,TX,0.0,378,26.2,378,0.0,0.0
78009,TX,3.0,9494,41.0,9494,3.0,3.0
78010,TX,0.0,3819,44.9,3819,3.0,3.0
78011,TX,0.0,1386,44.9,1386,3.0,3.0
78012,TX,0.0,364,35.2,364,3.0,3.0
78013,TX,2.0,5305,48.4,5305,3.0,3.0
78014,TX,1.0,5542,39.0,5542,3.0,3.0
78015,TX,6.0,23548,39.1,23548,4.1904,4.1904
78016,TX,6.0,11302,41.9,11302,3.0561,3.0561
78017,TX,1.0,6160,29.3,6160,6.0,6.0
78019,TX,3.0,1575,43.8,1575,3.0,3.0
78021,TX,0.0,19,66.7,19,3.0,3.0
78022,TX,1.0,4694,37.0,4694,3.0,3.0
78023,TX,14.0,28585,43.2,28585,6.678,6.678
78024,TX,0.0,1157,58.8,1157,0.0,0.0
78025,TX,1.0,5060,47.4,5060,2.9789,2.9789
78026,TX,0.0,6438,38.6,6438,3.9912,3.9912
78027,TX,1.0,576,53.6,576,0.0,0.0
78028,TX,11.0,40829,48.2,40829,4.021100000000001,4.021100000000001
78029,TX,0.0,0,,0,0.0,0.0
78039,TX,5.0,2311,42.0,2311,3.0,3.0
78040,TX,14.0,36115,29.3,36115,0.5752,0.5752
78041,TX,3.0,47089,32.6,47089,0.7596,0.7596
78043,TX,2.0,44044,28.7,44044,45.482,45.482
78044,TX,0.0,364,43.2,364,9.161999999999999,9.161999999999999
78045,TX,4.0,67185,33.5,67185,25.0108,25.0108
78046,TX,6.0,71965,26.0,71965,10.0104,10.0104
78050,TX,1.0,697,32.2,697,1.8087,1.8087
78052,TX,4.0,6221,39.4,6221,3.0,3.0
78055,TX,1.0,1918,63.1,1918,0.0,0.0
78056,TX,1.0,2431,45.0,2431,0.0,0.0
78057,TX,0.0,509,17.7,509,3.0686999999999998,3.0686999999999998
78058,TX,0.0,948,65.7,948,0.0,0.0
78059,TX,0.0,6139,38.8,6139,3.0,3.0
78061,TX,3.0,9968,33.5,9968,8.0,8.0
78062,TX,0.0,0,,0,0.0,0.0
78063,TX,0.0,10594,51.3,10594,3.0,3.0
78064,TX,6.0,16420,35.0,16420,5.2001,5.2001
78065,TX,4.0,11835,35.7,11835,3.0,3.0
78066,TX,0.0,387,66.3,387,0.0,0.0
78067,TX,0.0,719,39.4,719,6.0,6.0
78069,TX,1.0,6904,33.8,6904,2.9556,2.9556
78070,TX,7.0,19836,47.2,19836,4.3336,4.3336
78071,TX,1.0,3478,40.6,3478,3.0,3.0
78072,TX,0.0,277,43.9,277,3.0,3.0
78073,TX,4.0,9510,34.5,9510,3.0472,3.0472
78074,TX,0.0,60,,60,0.0,0.0
78075,TX,0.0,304,38.7,304,0.0,0.0
78076,TX,0.0,13085,31.0,13085,20.0,20.0
78101,TX,4.0,8272,38.5,8272,0.2736,0.2736
78102,TX,2.0,27000,35.7,27000,8.0,8.0
78104,TX,2.0,112,27.1,112,0.6123000000000001,0.6123000000000001
78107,TX,0.0,294,45.0,294,0.0,0.0
78108,TX,18.0,48458,35.4,48458,5.0416,5.0416
78109,TX,25.0,56372,32.5,56372,4.0068,4.0068
78111,TX,0.0,0,,0,0.0,0.0
78112,TX,1.0,9959,40.7,9959,5.9993,5.9993
78113,TX,5.0,3258,35.1,3258,3.0,3.0
78114,TX,19.0,23975,42.3,23975,4.0,4.0
78116,TX,0.0,252,71.4,252,0.0,0.0
78117,TX,0.0,756,40.9,756,0.0,0.0
78118,TX,2.0,4097,37.5,4097,3.0,3.0
78119,TX,3.0,7023,37.3,7023,5.4684,5.4684
78121,TX,7.0,15001,39.4,15001,3.7317,3.7317
78122,TX,0.0,313,69.0,313,0.0,0.0
78123,TX,1.0,2271,46.9,2271,3.6212,3.6212
78124,TX,2.0,6907,43.0,6907,9.014100000000001,9.014100000000001
78125,TX,1.0,26,70.3,26,0.0,0.0
78130,TX,32.0,95787,35.9,95787,6.5936,6.5936
78132,TX,22.0,40383,42.5,40383,1.1196,1.1196
78133,TX,9.0,21830,50.3,21830,2.5568,2.5568
78140,TX,1.0,3190,28.4,3190,3.0,3.0
78141,TX,0.0,908,53.6,908,3.0,3.0
78142,TX,0.0,31,81.2,31,2.3877,2.3877
78143,TX,0.0,177,45.7,177,0.0,0.0
78144,TX,0.0,0,,0,0.0,0.0
78145,TX,0.0,48,64.5,48,1.6929,1.6929
78146,TX,0.0,740,28.8,740,4.8387,4.8387
78147,TX,0.0,1646,30.7,1646,3.0,3.0
78148,TX,9.0,22630,33.2,22630,6.0794999999999995,6.0794999999999995
78150,TX,0.0,0,,0,0.021,0.021
78151,TX,0.0,1513,31.0,1513,3.0,3.0
78152,TX,4.0,3958,38.1,3958,2.7264,2.7264
78154,TX,6.0,40898,38.1,40898,5.891500000000001,5.891500000000001
78155,TX,14.0,53449,39.4,53449,9.544599999999999,9.544599999999999
78159,TX,2.0,604,37.1,604,3.0,3.0
78160,TX,5.0,4705,42.3,4705,3.0,3.0
78161,TX,0.0,602,32.5,602,0.0,0.0
78162,TX,0.0,240,38.6,240,3.0,3.0
78163,TX,3.0,17455,44.5,17455,2.4312,2.4312
78164,TX,1.0,3418,44.9,3418,3.0,3.0
78201,TX,19.0,43426,38.4,43426,2.8226,2.8226
78202,TX,2.0,9952,37.9,9952,0.032,0.032
78203,TX,3.0,4845,35.0,4845,0.0164,0.0164
78204,TX,9.0,11944,36.2,11944,0.0316,0.0316
78205,TX,5.0,1653,51.6,1653,0.0064,0.0064
78207,TX,22.0,54128,32.7,54128,0.144,0.144
78208,TX,1.0,3877,35.4,3877,0.0108,0.0108
78209,TX,18.0,43363,38.3,43363,6.083600000000001,6.083600000000001
78210,TX,14.0,34740,34.8,34740,0.092,0.092
78211,TX,7.0,30589,36.8,30589,0.0836,0.0836
78212,TX,17.0,26670,40.0,26670,3.0684,3.0684
78213,TX,10.0,41603,36.3,41603,3.2334,3.2334
78214,TX,12.0,21884,38.2,21884,0.0632,0.0632
78215,TX,1.0,3258,34.7,3258,0.01,0.01
78216,TX,21.0,42044,35.8,42044,0.2676,0.2676
78217,TX,15.0,33959,37.1,33959,0.0936,0.0936
78218,TX,12.0,38291,37.0,38291,0.1655,0.1655
78219,TX,5.0,16946,33.2,16946,3.0224,3.0224
78220,TX,5.0,18497,32.8,18497,0.0488,0.0488
78221,TX,11.0,41580,35.3,41580,0.1012,0.1012
78222,TX,6.0,25008,37.2,25008,0.068,0.068
78223,TX,21.0,57298,34.7,57298,0.1399,0.1399
78224,TX,7.0,20671,29.4,20671,0.0608,0.0608
78225,TX,6.0,13188,38.8,13188,0.0352,0.0352
78226,TX,1.0,6907,30.8,6907,0.02,0.02
78227,TX,14.0,44091,33.8,44091,0.1276,0.1276
78228,TX,14.0,55474,36.0,55474,0.1602,0.1602
78229,TX,15.0,35195,29.7,35195,0.0924,0.0924
78230,TX,22.0,42070,39.0,42070,0.7489,0.7489
78231,TX,7.0,9966,39.0,9966,1.83,1.83
78232,TX,10.0,36277,38.3,36277,6.0872,6.0872
78233,TX,26.0,47659,34.5,47659,2.9888,2.9888
78234,TX,6.0,6281,21.0,6281,0.0208,0.0208
78235,TX,1.0,2440,27.9,2440,0.0064,0.0064
78236,TX,2.0,7629,21.2,7629,0.0008,0.0008
78237,TX,8.0,36930,34.4,36930,0.1004,0.1004
78238,TX,8.0,26250,33.9,26250,1.9442000000000002,1.9442000000000002
78239,TX,10.0,29855,36.0,29855,2.9516999999999998,2.9516999999999998
78240,TX,26.0,57014,32.8,57014,1.2496,1.2496
78242,TX,11.0,35976,29.0,35976,0.0928,0.0928
78243,TX,0.0,251,21.0,251,0.0,0.0
78244,TX,14.0,37861,32.8,37861,0.0364,0.0364
78245,TX,75.0,91388,32.0,91388,0.0932,0.0932
78247,TX,17.0,51979,37.4,51979,0.142,0.142
78248,TX,6.0,14127,41.7,14127,0.0384,0.0384
78249,TX,29.0,61772,28.5,61772,0.7131,0.7131
78250,TX,15.0,57849,35.4,57849,0.1532,0.1532
78251,TX,13.0,61683,32.2,61683,0.162,0.162
78252,TX,9.0,18256,30.5,18256,0.1066,0.10516190475039999
78253,TX,42.0,67578,32.6,67578,0.0076,0.0076
78254,TX,35.0,78865,32.5,78865,0.4184,0.4184
78255,TX,2.0,18107,40.6,18107,4.4846,4.4846
78256,TX,5.0,12014,29.7,12014,1.0484,1.0484
78257,TX,3.0,10390,35.1,10390,0.032,0.032
78258,TX,13.0,51672,36.8,51672,0.8135999999999999,0.8135999999999999
78259,TX,2.0,26931,39.1,26931,0.0708,0.0708
78260,TX,19.0,37389,39.3,37389,3.33,3.33
78261,TX,7.0,27060,36.8,27060,0.0,0.0
78263,TX,6.0,4514,41.6,4514,4.0,4.0
78264,TX,1.0,11702,39.4,11702,0.002,0.002
78266,TX,2.0,7274,48.1,7274,4.004,4.004
78330,TX,0.0,429,38.9,429,3.0,3.0
78332,TX,1.0,27281,34.8,27281,29.426099999999998,29.426099999999998
78336,TX,7.0,12146,42.7,12146,10.0508,10.0508
78338,TX,0.0,0,,0,0.0,0.0
78339,TX,0.0,362,49.4,362,2.5167,2.5167
78340,TX,1.0,405,52.3,405,3.0,3.0
78341,TX,0.0,1518,28.7,1518,3.0,3.0
78342,TX,0.0,338,59.9,338,0.5739,0.5739
78343,TX,1.0,4565,42.3,4565,3.0,3.0
78344,TX,0.0,419,35.7,419,3.0,3.0
78347,TX,0.0,112,36.3,112,0.0,0.0
78349,TX,0.0,538,28.2,538,3.0,3.0
78351,TX,0.0,633,24.1,633,2.5103999999999997,2.5103999999999997
78352,TX,0.0,51,,51,1.5284999999999997,1.5284999999999997
78353,TX,0.0,481,46.1,481,3.0,3.0
78355,TX,1.0,6843,38.2,6843,13.0,13.0
78357,TX,0.0,2726,37.4,2726,3.0,3.0
78358,TX,0.0,633,73.3,633,2.2398000000000002,2.2398000000000002
78359,TX,1.0,2230,28.4,2230,4.0,4.0
78360,TX,0.0,33,,33,3.0,3.0
78361,TX,3.0,4764,24.8,4764,12.0,12.0
78362,TX,4.0,10929,38.3,10929,6.932,6.932
78363,TX,5.0,28820,28.7,28820,7.0,7.0
78368,TX,7.0,9474,40.1,9474,23.0,23.0
78369,TX,0.0,252,41.4,252,6.0,6.0
78370,TX,0.0,5155,36.2,5155,4.4715,4.4715
78371,TX,0.0,108,58.5,108,3.0,3.0
78372,TX,0.0,5066,37.5,5066,12.0,12.0
78373,TX,0.0,3314,56.6,3314,4.0047999999999995,4.0047999999999995
78374,TX,10.0,20152,35.6,20152,3.9952,3.9952
78375,TX,0.0,2827,28.0,2827,3.0,3.0
78376,TX,0.0,122,44.0,122,3.0,3.0
78377,TX,1.0,3376,41.4,3376,3.0,3.0
78379,TX,2.0,1800,49.4,1800,3.0,3.0
78380,TX,1.0,23752,42.0,23752,23.5951,23.5951
78382,TX,10.0,20043,49.7,20043,11.7402,11.7402
78383,TX,1.0,4306,44.0,4306,5.4123,5.4123
78384,TX,1.0,5656,35.4,5656,3.0,3.0
78385,TX,0.0,52,65.5,52,3.0,3.0
78387,TX,1.0,9604,35.4,9604,23.0,23.0
78389,TX,1.0,2036,33.2,2036,3.3543,3.3543
78390,TX,1.0,5620,37.1,5620,9.04,9.04
78391,TX,0.0,141,43.4,141,2.6457,2.6457
78393,TX,2.0,1932,42.4,1932,3.0,3.0
78401,TX,3.0,4668,47.5,4668,0.0592,0.0592
78402,TX,0.0,392,37.8,392,0.0076,0.0076
78404,TX,10.0,13607,45.9,13607,0.1932,0.1932
78405,TX,5.0,14442,36.6,14442,0.178,0.178
78406,TX,0.0,1934,37.3,1934,0.0144,0.0144
78407,TX,1.0,1937,39.6,1937,0.0208,0.0208
78408,TX,1.0,9631,38.7,9631,0.1388,0.1388
78409,TX,3.0,2504,34.9,2504,0.0324,0.0324
78410,TX,1.0,29121,33.3,29121,0.37,0.37
78411,TX,8.0,24061,39.7,24061,0.3292,0.3292
78412,TX,17.0,39728,30.2,39728,0.488,0.488
78413,TX,9.0,35103,37.9,35103,0.4724,0.4724
78414,TX,13.0,51435,34.1,51435,0.5912,0.5912
78415,TX,15.0,41869,33.5,41869,3.4291,3.4291
78416,TX,3.0,13116,40.3,13116,0.1776,0.1776
78417,TX,1.0,4462,38.8,4462,0.056,0.056
78418,TX,14.0,30201,43.2,30201,0.4,0.4
78419,TX,0.0,693,16.0,693,0.0056,0.0056
78501,TX,25.0,59095,36.8,59095,1.7108,1.7108
78503,TX,3.0,22566,32.1,22566,0.664,0.664
78504,TX,13.0,61816,32.5,61816,1.5644,1.5644
78516,TX,4.0,34960,30.3,34960,9.6686,9.6686
78520,TX,19.0,63337,31.6,63337,4.3268,4.3268
78521,TX,15.0,87860,31.5,87860,10.638,10.638
78526,TX,17.0,59719,29.2,59719,3.9752,3.9752
78535,TX,0.0,435,53.2,435,0.9056,0.9056
78536,TX,0.0,345,37.1,345,3.9573,3.9573
78537,TX,35.0,51346,25.8,51346,9.1955,9.1955
78538,TX,2.0,10740,34.2,10740,7.276,7.276
78539,TX,7.0,38162,34.8,38162,1.5036,1.5036
78540,TX,0.0,0,,0,0.0,0.0
78541,TX,11.0,49395,27.2,49395,3.3703,3.3703
78542,TX,14.0,86111,27.4,86111,25.7446,25.7446
78543,TX,0.0,8608,32.0,8608,5.7172,5.7172
78545,TX,0.0,490,46.0,490,19.8774,19.8774
78547,TX,0.0,398,22.3,398,6.0,6.0
78548,TX,0.0,1456,31.5,1456,3.0,3.0
78549,TX,0.0,876,29.7,876,6.0,6.0
78550,TX,11.0,54169,33.6,54169,6.8024,6.8024
78552,TX,17.0,41277,33.1,41277,16.4768,16.4768
78557,TX,2.0,14250,31.5,14250,4.0004,4.0004
78558,TX,0.0,905,32.5,905,0.4812,0.4812
78559,TX,5.0,12752,32.3,12752,22.6966,22.6966
78560,TX,1.0,4618,29.6,4618,6.9328,6.9328
78561,TX,0.0,1005,40.2,1005,2.4819,2.4819
78562,TX,0.0,3146,32.1,3146,4.6724,4.6724
78563,TX,0.0,62,60.8,62,0.22499999999999998,0.22499999999999998
78564,TX,0.0,51,24.8,51,6.0,6.0
78565,TX,0.0,63,,63,6.0216,6.0216
78566,TX,3.0,24927,34.1,24927,22.0372,22.0372
78567,TX,0.0,405,24.1,405,1.6191,1.6191
78569,TX,0.0,4079,40.5,4079,10.0813,10.0813
78570,TX,4.0,33596,27.5,33596,20.2744,20.2744
78572,TX,13.0,78197,38.2,78197,19.026699999999998,19.026699999999998
78573,TX,5.0,42874,28.7,42874,9.426400000000001,9.426400000000001
78574,TX,6.0,62852,28.9,62852,12.6297,12.6297
78575,TX,6.0,4728,40.5,4728,8.0176,8.0176
78576,TX,2.0,13902,20.8,13902,6.9992,6.9992
78577,TX,9.0,79903,29.5,79903,4.0798000000000005,4.0798000000000005
78578,TX,0.0,10231,48.2,10231,11.0,11.0
78579,TX,0.0,2548,35.4,2548,1.8964,1.8964
78580,TX,1.0,13568,31.7,13568,11.9306,11.9306
78582,TX,2.0,44883,28.6,44883,167.0124,167.0124
78583,TX,0.0,5472,46.3,5472,7.5258,7.5258
78584,TX,3.0,17823,29.8,17823,54.1102,54.1102
78585,TX,0.0,0,,0,0.0,0.0
78586,TX,6.0,49103,31.1,49103,40.0469,40.0469
78588,TX,0.0,246,41.5,246,1.0266,1.0266
78589,TX,2.0,39958,29.9,39958,7.2553,7.2553
78590,TX,0.0,449,31.3,449,2.5875000000000004,2.5875000000000004
78591,TX,0.0,163,48.8,163,4.0161,4.0161
78592,TX,0.0,600,50.2,600,3.1656,3.1656
78593,TX,1.0,5030,31.2,5030,9.9609,9.9609
78594,TX,0.0,1303,42.4,1303,3.7242,3.7242
78595,TX,0.0,5958,33.3,5958,2.9784,2.9784
78596,TX,13.0,38942,31.5,38942,16.963,16.963
78597,TX,4.0,2881,59.2,2881,4.0,4.0
78598,TX,0.0,157,66.5,157,3.0,3.0
78599,TX,9.0,35400,27.3,35400,8.7223,8.7223
78602,TX,47.0,35786,38.1,35786,10.8433,10.8433
78605,TX,5.0,7632,38.4,7632,3.0,3.0
78606,TX,3.0,6977,47.6,6977,3.0,3.0
78607,TX,0.0,228,48.5,228,0.0138,0.0138
78608,TX,0.0,454,45.1,454,3.0,3.0
78609,TX,1.0,1826,63.4,1826,2.8269,2.8269
78610,TX,46.0,46685,35.8,46685,14.82,14.82
78611,TX,5.0,14463,48.6,14463,4.1593,4.1593
78612,TX,11.0,19830,30.5,19830,6.7998,6.797610219
78613,TX,40.0,89162,37.3,89162,3.9096,3.9096
78614,TX,0.0,324,60.3,324,0.0,0.0
78615,TX,1.0,1540,32.4,1540,2.9169,2.9169
78616,TX,6.0,10008,32.2,10008,1.2045000000000001,1.2045000000000001
78617,TX,10.0,28932,36.4,28932,2.1785,2.1785
78618,TX,0.0,292,63.4,292,0.0,0.0
78619,TX,2.0,6896,44.4,6896,3.0836,3.0836
78620,TX,15.0,20624,42.7,20624,3.6404,3.6404
78621,TX,28.0,27860,39.2,27860,5.4205,5.412587077987
78622,TX,0.0,353,40.3,353,0.0,0.0
78623,TX,0.0,1575,59.7,1575,0.118,0.118
78624,TX,7.0,23610,51.1,23610,4.2661,4.2661
78626,TX,77.0,45020,33.8,45020,3.409,3.409
78628,TX,123.0,44821,41.5,44821,5.3528,5.3528
78629,TX,5.0,12380,36.6,12380,4.0,4.0
78631,TX,2.0,3357,42.1,3357,3.0,3.0
78632,TX,0.0,1391,42.5,1391,3.0,3.0
78633,TX,70.0,28877,67.9,28877,1.1012,1.1012
78634,TX,23.0,43466,35.6,43466,4.0024,4.0024
78635,TX,0.0,83,42.0,83,0.0,0.0
78636,TX,2.0,3842,52.7,3842,3.1188,3.1188
78638,TX,1.0,2064,43.9,2064,3.3108,3.3108
78639,TX,7.0,8517,52.5,8517,4.0,4.0
78640,TX,118.0,71460,33.3,71460,10.2282,10.2282
78641,TX,110.0,93399,36.7,93399,7.792,7.792
78642,TX,58.0,24146,36.8,24146,7.5196000000000005,7.5196000000000005
78643,TX,4.0,6837,54.0,6837,6.0,6.0
78644,TX,7.0,20599,38.6,20599,4.0159,4.0159
78645,TX,12.0,15042,51.6,15042,10.7292,10.7292
78648,TX,5.0,8022,48.7,8022,4.0,4.0
78650,TX,0.0,2679,41.0,2679,3.0,3.0
78652,TX,2.0,5012,41.9,5012,3.4964,3.4964
78653,TX,14.0,35417,31.8,35417,5.5847,5.575758988013
78654,TX,14.0,19946,43.1,19946,15.0,15.0
78655,TX,0.0,3687,46.6,3687,5.5234000000000005,5.5234000000000005
78656,TX,18.0,2953,32.6,2953,0.0012,0.0012
78657,TX,5.0,7061,59.8,7061,8.0,8.0
78658,TX,0.0,70,64.2,70,0.0,0.0
78659,TX,8.0,2898,47.0,2898,4.2379999999999995,4.2379999999999995
78660,TX,123.0,118437,35.6,118437,3.6632,3.6632
78661,TX,0.0,658,27.7,658,0.0,0.0
78662,TX,1.0,3147,44.2,3147,3.0693,3.0693
78663,TX,0.0,607,59.8,607,2.8812,2.8812
78664,TX,29.0,62272,34.8,62272,1.9584,1.9584
78665,TX,37.0,64087,36.1,64087,1.274,1.274
78666,TX,92.0,87775,27.0,87775,8.0096,8.0095973695748
78669,TX,5.0,11980,46.2,11980,3.002,3.002
78670,TX,0.0,178,40.4,178,1.1658,1.1658
78671,TX,0.0,399,60.2,399,2.7339,2.7339
78672,TX,0.0,679,71.2,679,6.0,6.0
78674,TX,0.0,195,37.6,195,1.2318,1.2318
78675,TX,0.0,158,60.3,158,0.0,0.0
78676,TX,10.0,15896,48.7,15896,5.9988,5.9922265674252
78677,TX,0.0,49,63.7,49,0.0,0.0
78681,TX,14.0,58531,39.0,58531,3.7252,3.7252
78701,TX,13.0,11114,41.5,11114,0.0484,0.0484
78702,TX,14.0,26495,35.3,26495,0.1076,0.1076
78703,TX,14.0,22484,40.9,22484,0.0924,0.0924
78704,TX,17.0,50479,34.2,50479,0.2044,0.2044
78705,TX,12.0,32937,21.1,32937,0.152,0.152
78712,TX,0.0,206,21.3,206,0.0016,0.0016
78717,TX,12.0,36085,36.3,36085,1.476,1.476
78719,TX,0.0,1556,43.7,1556,0.0,0.0
78721,TX,12.0,10728,34.1,10728,0.0472,0.0472
78722,TX,7.0,6576,36.3,6576,0.0276,0.0276
78723,TX,19.0,36307,35.5,36307,0.1436,0.1436
78724,TX,8.0,29326,32.2,29326,1.6152000000000002,1.6152000000000002
78725,TX,3.0,10810,35.9,10810,2.4628,2.4628
78726,TX,5.0,14117,36.7,14117,0.076,0.076
78727,TX,14.0,30894,35.0,30894,0.124,0.124
78728,TX,22.0,26776,33.9,26776,3.0388,3.0388
78729,TX,13.0,30440,35.1,30440,0.07,0.07
78730,TX,5.0,9669,42.4,9669,0.038,0.038
78731,TX,22.0,27136,41.7,27136,0.1132,0.1132
78732,TX,3.0,20646,37.7,20646,3.0088,3.0088
78733,TX,1.0,9339,43.7,9339,0.0024,0.0024
78734,TX,6.0,22091,50.8,22091,6.554399999999999,6.554399999999999
78735,TX,7.0,20112,37.7,20112,3.2287999999999997,3.2287999999999997
78736,TX,7.0,9849,42.3,9849,0.0288,0.0288
78737,TX,9.0,26413,39.0,26413,6.276,6.276
78738,TX,12.0,28790,43.4,28790,8.4388,8.4388
78739,TX,7.0,20850,40.2,20850,1.8899,1.8899
78741,TX,23.0,45274,30.1,45274,0.2052,0.2052
78742,TX,0.0,638,46.3,638,0.0036,0.0036
78744,TX,19.0,51069,32.8,51069,0.2024,0.2024
78745,TX,28.0,61122,37.7,61122,3.0911999999999997,3.0911999999999997
78746,TX,23.0,28268,42.4,28268,9.0732,9.0732
78747,TX,13.0,21757,34.9,21757,0.8043,0.8043
78748,TX,25.0,54942,36.5,54942,3.9089,3.9089
78749,TX,7.0,34939,41.7,34939,0.1464,0.1464
78750,TX,16.0,29322,40.4,29322,0.1188,0.1188
78751,TX,17.0,16027,31.1,16027,0.0708,0.0708
78752,TX,30.0,22261,31.6,22261,0.0804,0.0804
78753,TX,30.0,58449,32.6,58449,0.234,0.234
78754,TX,11.0,31410,34.2,31410,0.0884,0.0884
78756,TX,8.0,9844,36.1,9844,0.0352,0.0352
78757,TX,10.0,24327,38.5,24327,0.0992,0.0992
78758,TX,27.0,50592,32.3,50592,0.2072,0.2072
78759,TX,29.0,44882,38.3,44882,0.1756,0.1756
78801,TX,5.0,21487,32.9,21487,7.0,7.0
78827,TX,0.0,749,47.3,749,3.0,3.0
78828,TX,0.0,27,34.9,27,2.6703,2.6703
78829,TX,0.0,1033,26.4,1033,3.0,3.0
78830,TX,0.0,471,39.3,471,3.0,3.0
78832,TX,2.0,3140,50.4,3140,9.0,9.0
78833,TX,1.0,1173,51.6,1173,3.3297,3.3297
78834,TX,0.0,7204,34.9,7204,10.0,10.0
78836,TX,0.0,83,42.9,83,3.0,3.0
78837,TX,0.0,137,65.6,137,0.0,0.0
78838,TX,1.0,124,70.7,124,0.0,0.0
78839,TX,0.0,7333,33.5,7333,15.0,15.0
78840,TX,11.0,47053,32.4,47053,22.6988,22.6988
78841,TX,0.0,0,,0,0.0,0.0
78843,TX,0.0,383,23.1,383,0.3012,0.3012
78850,TX,0.0,935,34.7,935,2.1897,2.1897
78851,TX,1.0,47,,47,0.0,0.0
78852,TX,5.0,56933,29.9,56933,36.0,36.0
78860,TX,0.0,0,,0,3.0,3.0
78861,TX,4.0,13715,39.1,13715,4.8103,4.8103
78870,TX,0.0,1225,39.8,1225,3.0,3.0
78871,TX,0.0,33,42.3,33,0.0,0.0
78872,TX,0.0,1166,27.7,1166,3.0,3.0
78873,TX,3.0,1498,57.5,1498,3.0,3.0
78877,TX,0.0,837,49.7,837,6.0,6.0
78879,TX,0.0,171,37.4,171,0.0,0.0
78880,TX,0.0,1164,44.7,1164,3.0,3.0
78881,TX,0.0,1288,53.1,1288,3.0,3.0
78883,TX,0.0,184,75.7,184,0.0,0.0
78884,TX,0.0,1033,41.2,1033,3.0,3.0
78885,TX,0.0,49,69.1,49,0.0,0.0
78886,TX,0.0,499,36.7,499,3.0,3.0
78931,TX,0.0,204,44.6,204,0.0,0.0
78932,TX,0.0,501,61.2,501,3.0,3.0
78933,TX,1.0,1211,45.2,1211,0.0,0.0
78934,TX,3.0,6833,43.9,6833,4.2228,4.2228
78935,TX,0.0,650,64.0,650,0.0,0.0
78938,TX,0.0,245,38.5,245,0.0,0.0
78940,TX,0.0,2284,56.1,2284,3.0,3.0
78941,TX,0.0,3334,42.5,3334,3.0,3.0
78942,TX,2.0,9858,39.7,9858,3.0,3.0
78943,TX,1.0,230,49.9,230,1.7772000000000001,1.7772000000000001
78944,TX,0.0,672,58.3,672,3.0,3.0
78945,TX,4.0,10459,49.7,10459,5.1475,5.1475
78946,TX,1.0,760,52.8,760,0.0,0.0
78947,TX,1.0,5110,41.1,5110,3.0,3.0
78948,TX,0.0,599,47.7,599,0.0,0.0
78949,TX,1.0,628,50.2,628,0.0,0.0
78950,TX,1.0,2244,52.4,2244,3.0,3.0
78951,TX,0.0,0,,0,0.0,0.0
78953,TX,0.0,958,53.3,958,0.8127,0.8127
78954,TX,0.0,1378,56.6,1378,3.0,3.0
78956,TX,1.0,5494,42.8,5494,3.0,3.0
78957,TX,7.0,10282,40.0,10282,5.118,5.118
78959,TX,1.0,1401,51.1,1401,3.0,3.0
78962,TX,0.0,5245,46.1,5245,3.0,3.0
78963,TX,0.0,470,61.8,470,1.8525,1.8525
79001,TX,0.0,181,50.0,181,3.0,3.0
79002,TX,0.0,16,,16,3.0,3.0
79003,TX,0.0,118,32.0,118,3.0,3.0
79005,TX,0.0,1519,36.9,1519,3.0,3.0
79007,TX,1.0,13927,37.1,13927,4.0,4.0
79009,TX,0.0,1795,37.4,1795,3.0,3.0
79010,TX,0.0,569,16.4,569,3.0,3.0
79011,TX,0.0,208,51.5,208,0.0,0.0
79012,TX,0.0,0,,0,0.0,0.0
79013,TX,0.0,3022,29.8,3022,2.9391,2.9391
79014,TX,0.0,3252,41.2,3252,6.0,6.0
79015,TX,17.0,23217,34.6,23217,6.0424,6.0424
79016,TX,0.0,598,19.5,598,0.18,0.18
79018,TX,0.0,405,48.8,405,3.0,3.0
79019,TX,1.0,1745,44.0,1745,6.0,6.0
79021,TX,0.0,55,41.8,55,0.0,0.0
79022,TX,2.0,10764,36.3,10764,4.0,4.0
79024,TX,0.0,351,40.2,351,3.0,3.0
79025,TX,0.0,0,,0,0.0,0.0
79027,TX,0.0,4789,30.6,4789,3.0,3.0
79029,TX,3.0,15095,29.5,15095,4.0609,4.0609
79031,TX,0.0,1213,40.8,1213,3.0,3.0
79032,TX,0.0,220,26.5,220,3.0,3.0
79033,TX,0.0,14,,14,3.0,3.0
79034,TX,0.0,468,46.4,468,3.0,3.0
79035,TX,1.0,5356,38.4,5356,3.0,3.0
79036,TX,2.0,4957,39.4,4957,6.0,6.0
79039,TX,0.0,686,43.3,686,3.0,3.0
79040,TX,0.0,2076,33.6,2076,3.0,3.0
79041,TX,0.0,2511,51.8,2511,3.0,3.0
79042,TX,0.0,1181,28.9,1181,3.0,3.0
79043,TX,0.0,1511,35.8,1511,3.0,3.0
79044,TX,0.0,644,45.1,644,3.0,3.0
79045,TX,2.0,18441,31.2,18441,4.0,4.0
79046,TX,0.0,545,37.1,545,3.0,3.0
79051,TX,0.0,3,,3,0.0,0.0
79052,TX,0.0,1064,34.7,1064,3.0,3.0
79053,TX,0.0,89,27.1,89,0.0,0.0
79054,TX,0.0,507,37.3,507,3.0,3.0
79056,TX,0.0,99,32.8,99,3.0,3.0
79057,TX,0.0,1075,38.7,1075,3.0,3.0
79058,TX,0.0,0,,0,0.0,0.0
79059,TX,0.0,669,37.9,669,3.0,3.0
79061,TX,0.0,282,54.6,282,3.0,3.0
79062,TX,0.0,367,23.5,367,3.0,3.0
79063,TX,0.0,594,51.2,594,3.0,3.0
79064,TX,1.0,2191,43.5,2191,3.0,3.0
79065,TX,4.0,19569,36.9,19569,4.0,4.0
79066,TX,0.0,11,,11,0.0,0.0
79068,TX,2.0,3124,45.2,3124,3.0,3.0
79070,TX,0.0,9655,33.0,9655,4.0,4.0
79072,TX,7.0,25596,32.0,25596,8.0,8.0
79073,TX,0.0,0,,0,0.0,0.0
79078,TX,0.0,153,52.9,153,3.0,3.0
79079,TX,0.0,2406,40.3,2406,6.0,6.0
79080,TX,0.0,498,40.2,498,3.0,3.0
79081,TX,0.0,3224,40.4,3224,3.0,3.0
79082,TX,0.0,401,35.6,401,3.0,3.0
79083,TX,0.0,1776,41.2,1776,3.0,3.0
79084,TX,1.0,1425,38.2,1425,3.0,3.0
79085,TX,0.0,0,,0,3.0,3.0
79086,TX,0.0,3433,35.5,3433,5.5929,5.5929
79087,TX,0.0,776,37.0,776,3.0,3.0
79088,TX,4.0,5315,37.2,5315,3.0,3.0
79091,TX,0.0,0,,0,2.3658,2.3658
79092,TX,0.0,1187,40.0,1187,3.0,3.0
79093,TX,0.0,114,53.3,114,3.0,3.0
79094,TX,0.0,9,73.8,9,0.0,0.0
79095,TX,1.0,2569,37.5,2569,3.0,3.0
79096,TX,4.0,2022,40.2,2022,3.0,3.0
79097,TX,0.0,1319,35.9,1319,3.0,3.0
79098,TX,0.0,535,53.8,535,3.0,3.0
79101,TX,1.0,2458,45.6,2458,0.046,0.046
79102,TX,4.0,8822,38.9,8822,0.1848,0.1848
79103,TX,8.0,11591,28.7,11591,0.2104,0.2104
79104,TX,4.0,7236,32.7,7236,0.1432,0.1432
79106,TX,20.0,27900,35.5,27900,0.5528,0.5528
79107,TX,9.0,36425,33.0,36425,0.6404,0.6404
79108,TX,17.0,10979,40.1,10979,0.1188,0.1188
79109,TX,32.0,42410,38.1,42410,0.8484,0.8484
79110,TX,10.0,18514,32.2,18514,0.3636,0.3636
79111,TX,3.0,1537,28.0,1537,0.032,0.032
79118,TX,15.0,27412,37.0,27412,10.707,10.707
79119,TX,17.0,23202,37.0,23202,0.7885,0.7885
79121,TX,2.0,5879,45.8,5879,0.1316,0.1316
79124,TX,8.0,11800,41.9,11800,5.6447,5.6447
79201,TX,2.0,6817,33.9,6817,4.0,4.0
79220,TX,0.0,221,36.7,221,0.0,0.0
79223,TX,0.0,119,40.6,119,0.0,0.0
79225,TX,0.0,922,30.9,922,3.0,3.0
79226,TX,3.0,2873,43.1,2873,6.8235,6.8235
79227,TX,0.0,1155,51.0,1155,3.0,3.0
79229,TX,0.0,284,54.5,284,3.0,3.0
79230,TX,0.0,34,50.5,34,3.0,3.0
79231,TX,0.0,29,,29,0.0,0.0
79233,TX,0.0,65,40.5,65,3.0,3.0
79234,TX,0.0,119,40.6,119,0.0,0.0
79235,TX,0.0,3111,34.5,3111,3.0,3.0
79236,TX,0.0,179,39.8,179,3.0,3.0
79237,TX,0.0,470,58.9,470,3.0,3.0
79239,TX,0.0,100,74.7,100,3.0,3.0
79240,TX,0.0,86,14.5,86,2.1765,2.1765
79241,TX,1.0,2088,48.5,2088,3.0,3.0
79243,TX,0.0,24,60.6,24,0.0,0.0
79244,TX,0.0,777,44.6,777,3.0,3.0
79245,TX,2.0,2291,44.0,2291,3.0,3.0
79247,TX,2.0,29,44.7,29,0.0,0.0
79248,TX,0.0,1124,44.2,1124,3.0,3.0
79250,TX,2.0,1089,48.9,1089,3.0,3.0
79251,TX,0.0,29,64.5,29,3.0,3.0
79252,TX,2.0,2642,49.5,2642,3.0,3.0
79255,TX,0.0,448,54.5,448,3.0,3.0
79256,TX,0.0,342,57.6,342,3.0,3.0
79257,TX,0.0,727,53.1,727,3.0,3.0
79258,TX,0.0,8,,8,0.0,0.0
79259,TX,0.0,25,,25,0.0,0.0
79261,TX,0.0,351,35.6,351,3.0,3.0
79311,TX,1.0,3533,39.6,3533,3.0,3.0
79312,TX,0.0,1114,37.6,1114,3.0,3.0
79313,TX,2.0,1537,38.2,1537,3.0,3.0
79314,TX,0.0,120,31.5,120,3.0,3.0
79316,TX,2.0,9907,36.2,9907,4.0,4.0
79322,TX,0.0,1945,35.7,1945,3.0,3.0
79323,TX,1.0,7115,34.5,7115,3.0,3.0
79324,TX,0.0,37,9.9,37,0.0,0.0
79325,TX,2.0,2204,32.4,2204,3.0,3.0
79326,TX,0.0,71,59.1,71,0.0,0.0
79329,TX,2.0,3549,39.9,3549,3.0,3.0
79330,TX,0.0,113,31.3,113,0.0,0.0
79331,TX,3.0,11751,34.8,11751,7.0,7.0
79336,TX,7.0,15265,35.4,15265,7.1707,7.1707
79339,TX,0.0,6707,34.9,6707,4.0,4.0
79342,TX,0.0,282,56.8,282,3.0,3.0
79343,TX,0.0,1309,43.7,1309,3.0,3.0
79344,TX,0.0,0,,0,0.0,0.0
79345,TX,0.0,1085,33.1,1085,3.0,3.0
79346,TX,0.0,1788,39.7,1788,3.0,3.0
79347,TX,0.0,7264,33.7,7264,4.0,4.0
79350,TX,0.0,291,47.8,291,1.3563,1.3563
79351,TX,0.0,1047,38.8,1047,3.0,3.0
79353,TX,0.0,31,33.5,31,0.0,0.0
79355,TX,0.0,1642,25.6,1642,3.0,3.0
79356,TX,3.0,5362,38.9,5362,3.0,3.0
79357,TX,0.0,1883,39.5,1883,3.0,3.0
79358,TX,0.0,1458,29.9,1458,3.0,3.0
79359,TX,0.0,3465,35.8,3465,3.0,3.0
79360,TX,2.0,17284,28.2,17284,4.0,4.0
79363,TX,5.0,5831,38.8,5831,4.0,4.0
79364,TX,1.0,7135,35.5,7135,4.0,4.0
79366,TX,0.0,1081,53.2,1081,3.0,3.0
79367,TX,0.0,602,30.0,602,3.0,3.0
79369,TX,0.0,41,67.5,41,3.0,3.0
79370,TX,0.0,1217,46.8,1217,3.0,3.0
79371,TX,1.0,1464,32.4,1464,3.0,3.0
79372,TX,1.0,1472,37.2,1472,2.8293,2.8293
79373,TX,0.0,3021,38.9,3021,3.0,3.0
79376,TX,0.0,10,,10,0.0,0.0
79377,TX,0.0,294,26.2,294,3.0,3.0
79378,TX,0.0,306,36.8,306,3.0,3.0
79379,TX,0.0,680,37.9,680,3.0,3.0
79380,TX,0.0,89,39.5,89,3.0,3.0
79381,TX,0.0,1457,32.7,1457,5.3097,5.3097
79382,TX,8.0,10300,31.2,10300,3.0004,3.0004
79383,TX,0.0,47,27.9,47,0.6903,0.6903
79401,TX,4.0,8641,23.2,8641,0.1364,0.1364
79403,TX,9.0,15941,36.6,15941,1.7211999999999998,1.7211999999999998
79404,TX,1.0,8686,41.2,8686,3.124,3.124
79406,TX,0.0,7738,19.2,7738,0.1064,0.1064
79407,TX,22.0,22467,29.9,22467,0.3008,0.3008
79410,TX,3.0,10425,27.1,10425,0.134,0.134
79411,TX,0.0,6380,31.2,6380,0.1136,0.1136
79412,TX,6.0,15275,34.7,15275,0.2308,0.2308
79413,TX,10.0,23464,30.4,23464,0.326,0.326
79414,TX,13.0,17471,29.2,17471,0.2728,0.2728
79415,TX,7.0,16765,27.6,16765,0.3261,0.3261
79416,TX,17.0,36461,28.6,36461,0.5256,0.5256
79423,TX,49.0,44357,34.7,44357,0.5476,0.5476
79424,TX,50.0,52336,39.2,52336,0.778,0.778
79501,TX,5.0,2635,40.3,2635,3.0,3.0
79502,TX,0.0,1123,46.6,1123,3.0,3.0
79503,TX,0.0,187,45.5,187,0.0,0.0
79504,TX,0.0,2995,45.4,2995,3.0,3.0
79505,TX,0.0,236,31.4,236,3.0,3.0
79506,TX,0.0,491,59.4,491,3.0,3.0
79508,TX,0.0,982,47.5,982,3.0,3.0
79510,TX,0.0,8135,39.2,8135,3.0,3.0
79511,TX,1.0,1739,16.0,1739,3.6784,3.6784
79512,TX,1.0,7672,36.4,7672,7.0,7.0
79517,TX,0.0,114,53.9,114,3.0,3.0
79518,TX,0.0,115,60.7,115,3.0,3.0
79519,TX,0.0,101,49.9,101,0.0,0.0
79520,TX,4.0,2576,35.6,2576,3.0,3.0
79521,TX,2.0,3470,44.2,3470,3.0342,3.0342
79525,TX,5.0,2926,49.0,2926,3.0,3.0
79526,TX,0.0,978,37.8,978,3.0,3.0
79527,TX,0.0,179,36.9,179,0.0,0.0
79528,TX,0.0,568,55.2,568,3.0,3.0
79529,TX,0.0,1052,49.4,1052,3.0,3.0
79530,TX,0.0,436,44.3,436,3.0,3.0
79532,TX,0.0,1014,39.3,1014,3.0,3.0
79533,TX,0.0,525,36.0,525,3.0,3.0
79534,TX,0.0,322,45.4,322,3.0,3.0
79535,TX,0.0,133,57.2,133,0.0,0.0
79536,TX,1.0,6080,31.8,6080,3.0588,3.0588
79537,TX,0.0,60,44.7,60,0.0,0.0
79538,TX,0.0,227,50.7,227,3.0,3.0
79539,TX,0.0,218,33.4,218,3.0,3.0
79540,TX,0.0,82,51.4,82,0.0,0.0
79541,TX,2.0,1432,33.2,1432,0.0,0.0
79543,TX,0.0,1138,35.9,1138,3.0,3.0
79544,TX,0.0,440,36.8,440,3.0,3.0
79545,TX,0.0,1778,32.6,1778,3.0,3.0
79546,TX,1.0,1662,44.0,1662,3.0,3.0
79547,TX,0.0,869,45.7,869,3.0,3.0
79548,TX,0.0,153,45.9,153,0.0,0.0
79549,TX,6.0,15505,36.2,15505,4.0,4.0
79553,TX,0.0,3071,34.3,3071,2.9658,2.9658
79556,TX,22.0,12593,36.6,12593,4.0,4.0
79560,TX,1.0,23,34.8,23,3.0,3.0
79561,TX,0.0,556,49.0,556,3.0,3.0
79562,TX,1.0,4567,35.7,4567,3.0,3.0
79563,TX,1.0,925,45.9,925,2.6379,2.6379
79565,TX,0.0,351,44.8,351,3.0,3.0
79566,TX,0.0,195,57.7,195,3.0,3.0
79567,TX,1.0,2924,41.8,2924,3.0,3.0
79601,TX,9.0,26917,29.9,26917,0.7696,0.7696
79602,TX,11.0,26588,37.5,26588,4.6096,4.6096
79603,TX,17.0,23876,35.0,23876,5.0408,5.0408
79605,TX,17.0,28257,34.6,28257,0.9664,0.9664
79606,TX,14.0,29428,33.5,29428,0.8168,0.8168
79607,TX,2.0,3636,22.9,3636,0.0952,0.0952
79699,TX,0.0,121,19.9,121,0.0056,0.0056
79701,TX,19.0,27678,32.0,27678,0.8868,0.8868
79703,TX,1.0,20638,32.0,20638,0.6384,0.6384
79705,TX,29.0,44516,31.4,44516,1.2092,1.2092
79706,TX,18.0,32605,35.2,32605,0.1948,0.1948
79707,TX,25.0,39881,32.6,39881,1.0708,1.0708
79713,TX,0.0,962,30.2,962,3.0,3.0
79714,TX,3.0,18518,33.1,18518,8.0,8.0
79718,TX,0.0,589,45.3,589,3.0,3.0
79719,TX,0.0,193,48.6,193,3.0,3.0
79720,TX,32.0,30432,37.9,30432,8.0676,8.0676
79721,TX,1.0,466,39.8,466,0.254,0.254
79730,TX,1.0,127,18.5,127,3.0,3.0
79731,TX,0.0,4319,38.1,4319,3.0,3.0
79733,TX,0.0,439,27.4,439,3.0,3.0
79734,TX,5.0,1616,58.1,1616,3.0,3.0
79735,TX,2.0,12962,37.5,12962,4.0,4.0
79738,TX,0.0,426,27.0,426,3.0,3.0
79739,TX,0.0,862,36.5,862,3.0,3.0
79741,TX,0.0,215,42.2,215,3.0,3.0
79742,TX,0.0,593,24.5,593,3.0,3.0
79743,TX,0.0,278,36.3,278,3.0,3.0
79744,TX,1.0,1630,32.2,1630,3.0,3.0
79745,TX,2.0,6160,37.6,6160,4.0,4.0
79748,TX,0.0,387,24.7,387,0.0,0.0
79749,TX,0.0,557,38.8,557,0.0,0.0
79752,TX,0.0,1880,40.6,1880,3.0,3.0
79754,TX,0.0,54,68.9,54,3.0,3.0
79755,TX,0.0,37,22.5,37,0.0,0.0
79756,TX,5.0,9558,36.2,9558,11.0,11.0
79758,TX,0.0,2568,34.5,2568,3.0,3.0
79759,TX,0.0,0,,0,0.0,0.0
79761,TX,8.0,30243,30.4,30243,1.0552,1.0552
79762,TX,7.0,40141,31.4,40141,1.3028,1.3028
79763,TX,7.0,34878,32.9,34878,2.9924,2.9924
79764,TX,4.0,26805,32.4,26805,1.9336000000000002,1.9336000000000002
79765,TX,7.0,24125,30.2,24125,0.6884,0.6884
79766,TX,3.0,10712,30.9,10712,0.028,0.028
79769,TX,0.0,0,,0,0.0,0.0
79770,TX,0.0,0,,0,0.0,0.0
79772,TX,6.0,12547,34.1,12547,8.0,8.0
79776,TX,0.0,0,,0,0.0,0.0
79777,TX,0.0,101,35.8,101,3.0,3.0
79778,TX,0.0,1299,44.4,1299,3.0,3.0
79780,TX,0.0,70,54.2,70,0.0,0.0
79781,TX,0.0,107,66.1,107,3.0,3.0
79782,TX,0.0,3831,37.4,3831,3.0,3.0
79783,TX,0.0,46,35.0,46,0.0,0.0
79785,TX,0.0,34,72.2,34,3.0,3.0
79788,TX,0.0,789,26.3,789,3.0,3.0
79789,TX,1.0,1380,29.7,1380,3.0,3.0
79821,TX,2.0,6550,35.9,6550,6.8269,6.8269
79830,TX,2.0,7672,45.2,7672,3.688,3.688
79832,TX,0.0,233,19.6,233,0.312,0.312
79834,TX,0.0,373,30.0,373,0.0,0.0
79835,TX,2.0,12289,35.7,12289,7.1373,7.1373
79836,TX,0.0,7481,29.2,7481,8.0005,8.0005
79837,TX,0.0,203,31.9,203,3.0,3.0
79838,TX,2.0,4813,44.5,4813,4.0,4.0
79839,TX,0.0,1163,26.2,1163,6.0,6.0
79842,TX,0.0,273,57.7,273,3.0,3.0
79843,TX,0.0,2578,54.1,2578,3.0,3.0
79845,TX,0.0,3326,22.9,3326,3.0,3.0
79846,TX,0.0,139,,139,3.0,3.0
79847,TX,0.0,181,51.4,181,0.0,0.0
79848,TX,0.0,804,60.3,804,3.0,3.0
79849,TX,1.0,13582,28.1,13582,4.0021,4.0021
79851,TX,0.0,1386,33.2,1386,3.0,3.0
79852,TX,0.0,614,41.2,614,6.0,6.0
79853,TX,0.0,2964,35.6,2964,3.0,3.0
79854,TX,0.0,124,70.2,124,3.0,3.0
79855,TX,0.0,2159,47.7,2159,3.0,3.0
79901,TX,5.0,8321,46.1,8321,0.07400000000000001,0.07400000000000001
79902,TX,9.0,18529,39.5,18529,0.14800000000000002,0.14800000000000002
79903,TX,1.0,15120,42.3,15120,0.121,0.121
79904,TX,6.0,33022,33.1,33022,0.23199999999999998,0.23199999999999998
79905,TX,5.0,22062,34.1,22062,0.16549999999999998,0.16549999999999998
79906,TX,0.0,6061,21.3,6061,1.7697,1.7697
79907,TX,6.0,47850,36.6,47850,0.3755,0.3755
79908,TX,0.0,4253,19.3,4253,1.033,1.033
79911,TX,4.0,9107,35.4,9107,0.059,0.059
79912,TX,16.0,79126,33.5,79126,0.5795,0.5795
79915,TX,4.0,34731,41.1,34731,0.2595,0.2595
79916,TX,2.0,3109,22.3,3109,1.0565,1.0565
79918,TX,0.0,268,21.8,268,0.1284,0.1284
79920,TX,0.0,28,21.0,28,0.0005,0.0005
79922,TX,3.0,7162,41.0,7162,0.06,0.06
79924,TX,12.0,60399,34.6,60399,0.4325,0.4325
79925,TX,15.0,40241,33.6,40241,0.283,0.283
79927,TX,8.0,43126,34.4,43126,5.0339,5.0339
79928,TX,13.0,82792,29.6,82792,12.0805,12.0805
79930,TX,14.0,25484,33.9,25484,0.18100000000000002,0.18100000000000002
79932,TX,6.0,29524,35.8,29524,3.2542999999999997,3.2542999999999997
79934,TX,2.0,27347,29.5,27347,0.2165,0.2165
79935,TX,3.0,19073,36.8,19073,0.129,0.129
79936,TX,27.0,104427,35.4,104427,0.7745000000000001,0.7745000000000001
79938,TX,16.0,97851,29.5,97851,10.586500000000001,10.586500000000001
88430,TX,0.0,241,68.1,241,0.0,0.0
